pipe,node_id,start,finish,cycles
CUBE,10,216,246,30
CUBE,13,352,382,30
CUBE,28,458,486,28
CUBE,31,564,592,28
CUBE,34,700,728,28
CUBE,37,836,864,28
CUBE,52,1000,1028,28
CUBE,55,1136,1164,28
CUBE,58,1272,1300,28
CUBE,61,1408,1436,28
CUBE,74,95959,97838,1879
CUBE,77,97901,99780,1879
CUBE,86,99810,100220,410
CUBE,89,101906,102316,410
CUBE,104,102379,104162,1783
CUBE,107,105911,107914,2003
CUBE,110,108415,110198,1783
CUBE,113,112322,114325,2003
CUBE,128,114826,116609,1783
CUBE,131,116672,118450,1778
CUBE,134,118513,120296,1783
CUBE,137,120359,122137,1778
CUBE,152,122200,123983,1783
CUBE,155,124046,125857,1811
CUBE,158,126358,128141,1783
CUBE,161,128204,130015,1811
CUBE,176,130078,130570,492
CUBE,179,130633,131146,513
CUBE,182,131647,132139,492
CUBE,185,132202,132715,513
CUBE,200,133216,133361,145
CUBE,203,133806,133974,168
CUBE,206,134475,134620,145
CUBE,209,135065,135233,168
CUBE,224,135734,135886,152
CUBE,227,136172,136331,159
CUBE,230,136673,136825,152
CUBE,233,137174,137333,159
CUBE,248,137675,137758,83
CUBE,251,138176,138260,84
CUBE,254,138677,138760,83
CUBE,257,139261,139345,84
CUBE,272,139953,140003,50
CUBE,275,140561,140611,50
CUBE,278,141169,141219,50
CUBE,281,141777,141827,50
CUBE,302,142025,142055,30
CUBE,305,142273,142302,29
CUBE,308,142521,142551,30
CUBE,311,142769,142798,29
CUBE,314,143017,143047,30
CUBE,317,143265,143294,29
CUBE,347,143477,143505,28
CUBE,350,143689,143717,28
CUBE,353,143901,143929,28
CUBE,356,144113,144141,28
CUBE,359,144325,144353,28
CUBE,362,144537,144565,28
CUBE,365,144749,144777,28
CUBE,368,144961,144989,28
CUBE,395,145173,145201,28
CUBE,398,145385,145413,28
CUBE,401,145597,145625,28
CUBE,404,145809,145837,28
CUBE,407,146021,146049,28
CUBE,410,146233,146261,28
CUBE,413,146445,146473,28
CUBE,416,146657,146685,28
CUBE,443,146869,146897,28
CUBE,446,147081,147109,28
CUBE,449,147293,147321,28
CUBE,452,147505,147533,28
CUBE,455,147717,147745,28
CUBE,458,147929,147957,28
CUBE,461,148141,148169,28
CUBE,464,148353,148381,28
CUBE,491,148854,149346,492
CUBE,494,149409,149922,513
CUBE,497,150423,150915,492
CUBE,500,150978,151491,513
CUBE,503,151992,152484,492
CUBE,506,152547,153060,513
CUBE,509,153561,154053,492
CUBE,512,154116,154629,513
CUBE,555,155130,155611,481
CUBE,558,155674,156164,490
CUBE,561,156227,156717,490
CUBE,564,156780,157262,482
CUBE,567,157763,158244,481
CUBE,570,158307,158797,490
CUBE,573,158860,159350,490
CUBE,576,159413,159895,482
CUBE,579,160396,160877,481
CUBE,582,160940,161430,490
CUBE,585,161493,161983,490
CUBE,588,162046,162528,482
CUBE,591,163029,163510,481
CUBE,594,163573,164063,490
CUBE,597,164564,165054,490
CUBE,600,165117,165599,482
CUBE,643,165662,165807,145
CUBE,646,166163,166309,146
CUBE,649,166664,166810,146
CUBE,652,167165,167310,145
CUBE,655,167666,167811,145
CUBE,658,168167,168313,146
CUBE,661,168668,168814,146
CUBE,664,169169,169314,145
CUBE,667,169670,169815,145
CUBE,670,170171,170317,146
CUBE,673,170672,170818,146
CUBE,676,171173,171318,145
CUBE,679,171611,171756,145
CUBE,682,172112,172258,146
CUBE,685,172613,172759,146
CUBE,688,173114,173259,145
CUBE,731,173615,173767,152
CUBE,734,174116,174275,159
CUBE,737,174617,174776,159
CUBE,740,175118,175312,194
CUBE,743,175619,175771,152
CUBE,746,176120,176279,159
CUBE,749,176621,176780,159
CUBE,752,177122,177316,194
CUBE,755,177623,177775,152
CUBE,758,178124,178283,159
CUBE,761,178625,178784,159
CUBE,764,179126,179320,194
CUBE,767,179627,179779,152
CUBE,770,180128,180287,159
CUBE,773,180629,180788,159
CUBE,776,181130,181324,194
CUBE,782,181645,181778,133
CUBE,788,181966,182099,133
CUBE,794,182244,182377,133
CUBE,800,182565,182698,133
CUBE,806,182886,183019,133
CUBE,812,183207,183340,133
CUBE,818,183528,183661,133
CUBE,824,183849,183982,133
CUBE,830,184170,184303,133
CUBE,836,184448,184581,133
CUBE,842,184769,184902,133
CUBE,848,185090,185223,133
CUBE,854,185411,185544,133
CUBE,860,185732,185865,133
CUBE,866,186186,186319,133
CUBE,872,186464,186597,133
CUBE,927,186965,187446,481
CUBE,930,187509,187999,490
CUBE,933,188062,188552,490
CUBE,939,189116,189597,481
CUBE,942,189660,190150,490
CUBE,945,190213,190703,490
CUBE,951,191267,191748,481
CUBE,954,191811,192301,490
CUBE,957,192364,192854,490
CUBE,963,193418,193899,481
CUBE,966,193962,194452,490
CUBE,969,194953,195443,490
CUBE,1195,216022,217805,1783
CUBE,1201,221384,223167,1783
CUBE,1207,226746,228529,1783
CUBE,1213,232108,233891,1783
CUBE,936,282388,282978,590
CUBE,1015,282978,283459,481
CUBE,1027,283459,283940,481
CUBE,1039,284234,284715,481
CUBE,1051,285009,285490,481
CUBE,948,286702,287292,590
CUBE,1018,287586,288076,490
CUBE,1030,288370,288860,490
CUBE,1042,289154,289644,490
CUBE,1054,289938,290428,490
CUBE,960,292178,292768,590
CUBE,1021,293062,293552,490
CUBE,1033,293846,294336,490
CUBE,1045,294630,295120,490
CUBE,1057,295414,295904,490
CUBE,972,297654,298244,590
CUBE,1024,298690,299232,542
CUBE,1036,299678,300220,542
CUBE,1048,300666,301208,542
CUBE,1060,301654,302196,542
CUBE,1066,302410,302828,418
CUBE,1072,303042,303460,418
CUBE,1078,303674,304092,418
CUBE,1084,304306,304724,418
CUBE,1090,304938,305356,418
CUBE,1096,305570,305988,418
CUBE,1102,306202,306620,418
CUBE,1108,306834,307252,418
CUBE,1114,307466,307884,418
CUBE,1120,308098,308516,418
CUBE,1126,308730,309148,418
CUBE,1132,309362,309780,418
CUBE,1138,309994,310412,418
CUBE,1144,310626,311044,418
CUBE,1150,311258,311676,418
CUBE,1156,311890,312308,418
CUBE,1198,325419,327422,2003
CUBE,1259,327716,329499,1783
CUBE,1271,329793,331576,1783
CUBE,1283,334798,336581,1783
CUBE,1295,339803,341586,1783
CUBE,1204,352987,354990,2003
CUBE,1262,358506,360291,1785
CUBE,1274,363807,365592,1785
CUBE,1286,372036,373821,1785
CUBE,1298,380265,382050,1785
CUBE,1210,393451,395454,2003
CUBE,1265,398970,400755,1785
CUBE,1277,404271,406056,1785
CUBE,1289,412500,414285,1785
CUBE,1301,420729,422514,1785
CUBE,1216,433915,435918,2003
CUBE,1268,439434,441212,1778
CUBE,1280,444728,446506,1778
CUBE,1292,450022,451800,1778
CUBE,1304,455316,457094,1778
CUBE,1347,457388,459171,1783
CUBE,1350,459465,461250,1785
CUBE,1353,461544,463329,1785
CUBE,1356,463623,465434,1811
CUBE,1359,465728,467511,1783
CUBE,1362,467805,469590,1785
CUBE,1365,469884,471669,1785
CUBE,1368,471963,473774,1811
CUBE,1371,474068,475851,1783
CUBE,1374,476145,477930,1785
CUBE,1377,478224,480009,1785
CUBE,1380,480303,482114,1811
CUBE,1383,482408,484191,1783
CUBE,1386,484485,486270,1785
CUBE,1389,486564,488349,1785
CUBE,1392,488643,490454,1811
CUBE,1435,490748,492531,1783
CUBE,1438,493743,495528,1785
CUBE,1441,495822,497607,1785
CUBE,1444,497901,499679,1778
CUBE,1447,499973,501756,1783
CUBE,1450,502050,503835,1785
CUBE,1453,504129,505914,1785
CUBE,1456,506208,507986,1778
CUBE,1459,508280,510063,1783
CUBE,1462,510357,512142,1785
CUBE,1465,512436,514221,1785
CUBE,1468,514515,516293,1778
CUBE,1471,516587,518370,1783
CUBE,1474,518664,520449,1785
CUBE,1477,520743,522528,1785
CUBE,1480,522822,524600,1778
CUBE,1523,526580,530085,3505
CUBE,1526,532065,535836,3771
CUBE,1529,539208,542979,3771
CUBE,1532,544665,548171,3506
CUBE,1535,548465,551970,3505
CUBE,1538,553950,557721,3771
CUBE,1541,561093,564864,3771
CUBE,1544,566550,570056,3506
CUBE,1547,570350,573855,3505
CUBE,1550,575835,579606,3771
CUBE,1553,582978,586749,3771
CUBE,1556,588435,591941,3506
CUBE,1559,592235,595740,3505
CUBE,1562,597720,601491,3771
CUBE,1565,603471,607242,3771
CUBE,1568,607536,611042,3506
CUBE,1611,613022,616527,3505
CUBE,1614,619899,623670,3771
CUBE,1617,623964,627735,3771
CUBE,1620,629421,632927,3506
CUBE,1623,636299,639804,3505
CUBE,1626,640098,643869,3771
CUBE,1629,647241,651012,3771
CUBE,1632,652698,656204,3506
CUBE,1635,656498,660003,3505
CUBE,1638,661983,665754,3771
CUBE,1641,669126,672897,3771
CUBE,1644,674583,678089,3506
CUBE,1647,678383,681888,3505
CUBE,1650,683868,687639,3771
CUBE,1653,689619,693390,3771
CUBE,1656,693684,697190,3506
CUBE,1699,699170,702675,3505
CUBE,1702,706047,709818,3771
CUBE,1705,710112,713883,3771
CUBE,1708,715569,719075,3506
CUBE,1711,722539,726044,3505
CUBE,1714,726338,730109,3771
CUBE,1717,733481,737252,3771
CUBE,1720,738938,742444,3506
CUBE,1723,742738,746243,3505
CUBE,1726,748223,751994,3771
CUBE,1729,755366,759137,3771
CUBE,1732,760823,764329,3506
CUBE,1735,764623,768128,3505
CUBE,1738,770108,773879,3771
CUBE,1741,775859,779630,3771
CUBE,1744,779630,783136,3506
MTE1,9,186,216,30
MTE1,12,322,352,30
MTE1,27,428,458,30
MTE1,30,534,564,30
MTE1,33,670,700,30
MTE1,36,806,836,30
MTE1,51,970,1000,30
MTE1,54,1106,1136,30
MTE1,57,1242,1272,30
MTE1,60,1378,1408,30
MTE1,73,11673,11736,63
MTE1,76,97838,97901,63
MTE1,85,99780,99810,30
MTE1,88,100220,100250,30
MTE1,103,102316,102379,63
MTE1,106,104162,104225,63
MTE1,109,108352,108415,63
MTE1,112,110636,110699,63
MTE1,127,114763,114826,63
MTE1,130,116609,116672,63
MTE1,133,118450,118513,63
MTE1,136,120296,120359,63
MTE1,151,122137,122200,63
MTE1,154,123983,124046,63
MTE1,157,126295,126358,63
MTE1,160,128141,128204,63
MTE1,175,130015,130078,63
MTE1,178,130570,130633,63
MTE1,181,131584,131647,63
MTE1,184,132139,132202,63
MTE1,199,133153,133216,63
MTE1,202,133654,133717,63
MTE1,205,134412,134475,63
MTE1,208,134913,134976,63
MTE1,223,135671,135734,63
MTE1,226,136109,136172,63
MTE1,229,136610,136673,63
MTE1,232,137111,137174,63
MTE1,247,137612,137675,63
MTE1,250,138113,138176,63
MTE1,253,138614,138677,63
MTE1,256,139198,139261,63
MTE1,271,139879,139953,74
MTE1,274,140487,140561,74
MTE1,277,141095,141169,74
MTE1,280,141703,141777,74
MTE1,301,141991,142025,34
MTE1,304,142239,142273,34
MTE1,307,142487,142521,34
MTE1,310,142735,142769,34
MTE1,313,142983,143017,34
MTE1,316,143231,143265,34
MTE1,346,143447,143477,30
MTE1,349,143659,143689,30
MTE1,352,143871,143901,30
MTE1,355,144083,144113,30
MTE1,358,144295,144325,30
MTE1,361,144507,144537,30
MTE1,364,144719,144749,30
MTE1,367,144931,144961,30
MTE1,394,145143,145173,30
MTE1,397,145355,145385,30
MTE1,400,145567,145597,30
MTE1,403,145779,145809,30
MTE1,406,145991,146021,30
MTE1,409,146203,146233,30
MTE1,412,146415,146445,30
MTE1,415,146627,146657,30
MTE1,442,146839,146869,30
MTE1,445,147051,147081,30
MTE1,448,147263,147293,30
MTE1,451,147475,147505,30
MTE1,454,147687,147717,30
MTE1,457,147899,147929,30
MTE1,460,148111,148141,30
MTE1,463,148323,148353,30
MTE1,490,148791,148854,63
MTE1,493,149346,149409,63
MTE1,496,150360,150423,63
MTE1,499,150915,150978,63
MTE1,502,151929,151992,63
MTE1,505,152484,152547,63
MTE1,508,153498,153561,63
MTE1,511,154053,154116,63
MTE1,554,155067,155130,63
MTE1,557,155611,155674,63
MTE1,560,156164,156227,63
MTE1,563,156717,156780,63
MTE1,566,157700,157763,63
MTE1,569,158244,158307,63
MTE1,572,158797,158860,63
MTE1,575,159350,159413,63
MTE1,578,160333,160396,63
MTE1,581,160877,160940,63
MTE1,584,161430,161493,63
MTE1,587,161983,162046,63
MTE1,590,162966,163029,63
MTE1,593,163510,163573,63
MTE1,596,164501,164564,63
MTE1,599,165054,165117,63
MTE1,642,165599,165662,63
MTE1,645,166100,166163,63
MTE1,648,166601,166664,63
MTE1,651,167102,167165,63
MTE1,654,167603,167666,63
MTE1,657,168104,168167,63
MTE1,660,168605,168668,63
MTE1,663,169106,169169,63
MTE1,666,169607,169670,63
MTE1,669,170108,170171,63
MTE1,672,170609,170672,63
MTE1,675,171110,171173,63
MTE1,678,171548,171611,63
MTE1,681,172049,172112,63
MTE1,684,172550,172613,63
MTE1,687,173051,173114,63
MTE1,730,173552,173615,63
MTE1,733,174053,174116,63
MTE1,736,174554,174617,63
MTE1,739,175055,175118,63
MTE1,742,175556,175619,63
MTE1,745,176057,176120,63
MTE1,748,176558,176621,63
MTE1,751,177059,177122,63
MTE1,754,177560,177623,63
MTE1,757,178061,178124,63
MTE1,760,178562,178625,63
MTE1,763,179063,179126,63
MTE1,766,179564,179627,63
MTE1,769,180065,180128,63
MTE1,772,180566,180629,63
MTE1,775,181067,181130,63
MTE1,781,181602,181645,43
MTE1,787,181923,181966,43
MTE1,793,182201,182244,43
MTE1,799,182522,182565,43
MTE1,805,182843,182886,43
MTE1,811,183164,183207,43
MTE1,817,183485,183528,43
MTE1,823,183806,183849,43
MTE1,829,184127,184170,43
MTE1,835,184405,184448,43
MTE1,841,184726,184769,43
MTE1,847,185047,185090,43
MTE1,853,185368,185411,43
MTE1,859,185689,185732,43
MTE1,865,186143,186186,43
MTE1,871,186421,186464,43
MTE1,926,186902,186965,63
MTE1,929,187446,187509,63
MTE1,932,187999,188062,63
MTE1,935,188552,188615,63
MTE1,938,189053,189116,63
MTE1,941,189597,189660,63
MTE1,944,190150,190213,63
MTE1,947,190703,190766,63
MTE1,950,191204,191267,63
MTE1,953,191748,191811,63
MTE1,956,192301,192364,63
MTE1,959,192854,192917,63
MTE1,962,193355,193418,63
MTE1,965,193899,193962,63
MTE1,968,194890,194953,63
MTE1,971,195443,195506,63
MTE1,1014,195944,196007,63
MTE1,1017,196445,196508,63
MTE1,1020,196946,197009,63
MTE1,1023,197447,197510,63
MTE1,1026,197948,198011,63
MTE1,1029,198449,198512,63
MTE1,1032,198950,199013,63
MTE1,1035,199451,199514,63
MTE1,1038,199952,200015,63
MTE1,1041,200453,200516,63
MTE1,1044,200954,201017,63
MTE1,1047,201455,201518,63
MTE1,1050,201956,202019,63
MTE1,1053,202457,202520,63
MTE1,1056,202958,203021,63
MTE1,1059,203459,203522,63
MTE1,1065,203800,203843,43
MTE1,1071,204121,204164,43
MTE1,1077,204442,204485,43
MTE1,1083,204763,204806,43
MTE1,1089,205084,205127,43
MTE1,1095,205405,205448,43
MTE1,1101,205726,205769,43
MTE1,1107,206047,206090,43
MTE1,1113,206368,206411,43
MTE1,1119,206689,206732,43
MTE1,1125,207010,207053,43
MTE1,1131,207331,207374,43
MTE1,1137,207652,207695,43
MTE1,1143,207973,208016,43
MTE1,1149,208294,208337,43
MTE1,1155,208615,208658,43
MTE1,1194,209166,209229,63
MTE1,1197,217805,217868,63
MTE1,1200,218306,218369,63
MTE1,1203,223167,223230,63
MTE1,1206,223668,223731,63
MTE1,1209,228529,228592,63
MTE1,1212,229030,229093,63
MTE1,1215,233891,233954,63
MTE1,1258,234392,234455,63
MTE1,1261,234893,234956,63
MTE1,1264,235394,235457,63
MTE1,1267,235895,235958,63
MTE1,1270,236396,236459,63
MTE1,1273,236897,236960,63
MTE1,1276,237398,237461,63
MTE1,1279,237899,237962,63
MTE1,1282,238400,238463,63
MTE1,1285,238901,238964,63
MTE1,1288,239402,239465,63
MTE1,1291,239903,239966,63
MTE1,1294,240404,240467,63
MTE1,1297,240905,240968,63
MTE1,1300,241406,241469,63
MTE1,1303,241907,241970,63
MTE1,1346,242408,242471,63
MTE1,1349,242909,242972,63
MTE1,1352,243410,243473,63
MTE1,1355,243911,243974,63
MTE1,1358,244412,244475,63
MTE1,1361,244913,244976,63
MTE1,1364,245414,245477,63
MTE1,1367,245915,245978,63
MTE1,1370,246416,246479,63
MTE1,1373,246917,246980,63
MTE1,1376,247418,247481,63
MTE1,1379,247919,247982,63
MTE1,1382,248420,248483,63
MTE1,1385,248921,248984,63
MTE1,1388,249422,249485,63
MTE1,1391,249923,249986,63
MTE1,1434,250424,250487,63
MTE1,1437,250925,250988,63
MTE1,1440,251426,251489,63
MTE1,1443,251927,251990,63
MTE1,1446,252428,252491,63
MTE1,1449,252929,252992,63
MTE1,1452,253430,253493,63
MTE1,1455,253931,253994,63
MTE1,1458,254432,254495,63
MTE1,1461,254933,254996,63
MTE1,1464,255434,255497,63
MTE1,1467,255935,255998,63
MTE1,1470,256436,256499,63
MTE1,1473,256937,257000,63
MTE1,1476,257438,257501,63
MTE1,1479,257939,258002,63
MTE1,1522,258440,258503,63
MTE1,1525,258941,259004,63
MTE1,1528,259442,259505,63
MTE1,1531,259943,260006,63
MTE1,1534,260444,260507,63
MTE1,1537,260945,261008,63
MTE1,1540,261446,261509,63
MTE1,1543,261947,262010,63
MTE1,1546,262448,262511,63
MTE1,1549,262949,263012,63
MTE1,1552,263450,263513,63
MTE1,1555,263951,264014,63
MTE1,1558,264452,264515,63
MTE1,1561,264953,265016,63
MTE1,1564,265454,265517,63
MTE1,1567,265955,266018,63
MTE1,1610,266456,266519,63
MTE1,1613,266957,267020,63
MTE1,1616,267458,267521,63
MTE1,1619,267959,268022,63
MTE1,1622,268460,268523,63
MTE1,1625,268961,269024,63
MTE1,1628,269462,269525,63
MTE1,1631,269963,270026,63
MTE1,1634,270464,270527,63
MTE1,1637,270965,271028,63
MTE1,1640,271466,271529,63
MTE1,1643,271967,272030,63
MTE1,1646,272468,272531,63
MTE1,1649,272969,273032,63
MTE1,1652,273470,273533,63
MTE1,1655,273971,274034,63
MTE1,1698,274472,274535,63
MTE1,1701,274973,275036,63
MTE1,1704,275474,275537,63
MTE1,1707,275975,276038,63
MTE1,1710,276476,276539,63
MTE1,1713,276977,277040,63
MTE1,1716,277478,277541,63
MTE1,1719,277979,278042,63
MTE1,1722,278480,278543,63
MTE1,1725,278981,279044,63
MTE1,1728,279482,279545,63
MTE1,1731,279983,280046,63
MTE1,1734,280484,280547,63
MTE1,1737,280985,281048,63
MTE1,1740,281486,281549,63
MTE1,1743,281987,282050,63
MTE1,875,282050,282388,338
MTE1,878,285065,285403,338
MTE1,881,290922,291260,338
MTE1,884,296398,296736,338
MTE1,1159,319784,320985,1201
MTE1,1162,348564,349765,1201
MTE1,1165,389028,390229,1201
MTE1,1168,429492,430693,1201
MTE2,3,0,80,80
MTE2,5,80,186,106
MTE2,7,216,322,106
MTE2,19,322,428,106
MTE2,21,428,534,106
MTE2,23,564,670,106
MTE2,25,700,806,106
MTE2,43,864,970,106
MTE2,45,1000,1106,106
MTE2,47,1136,1242,106
MTE2,49,1272,1378,106
MTE2,81,1408,1514,106
MTE2,83,1514,1620,106
MTE2,330,1620,1726,106
MTE2,332,1726,1832,106
MTE2,334,1832,1938,106
MTE2,336,1938,2044,106
MTE2,338,2044,2150,106
MTE2,340,2150,2256,106
MTE2,342,2256,2362,106
MTE2,344,2362,2468,106
MTE2,378,2468,2574,106
MTE2,380,2574,2680,106
MTE2,382,2680,2786,106
MTE2,384,2786,2892,106
MTE2,386,2892,2998,106
MTE2,388,2998,3104,106
MTE2,390,3104,3210,106
MTE2,392,3210,3316,106
MTE2,426,3316,3422,106
MTE2,428,3422,3528,106
MTE2,430,3528,3634,106
MTE2,432,3634,3740,106
MTE2,434,3740,3846,106
MTE2,436,3846,3952,106
MTE2,438,3952,4058,106
MTE2,440,4058,4164,106
MTE2,289,4164,4300,136
MTE2,291,4300,4436,136
MTE2,293,4436,4572,136
MTE2,295,4572,4708,136
MTE2,297,4708,4844,136
MTE2,299,4844,4980,136
MTE2,779,4980,5178,198
MTE2,785,5178,5376,198
MTE2,791,5376,5574,198
MTE2,797,5574,5772,198
MTE2,803,5772,5970,198
MTE2,809,5970,6168,198
MTE2,815,6168,6366,198
MTE2,821,6366,6564,198
MTE2,827,6564,6762,198
MTE2,833,6762,6960,198
MTE2,839,6960,7158,198
MTE2,845,7158,7356,198
MTE2,851,7356,7554,198
MTE2,857,7554,7752,198
MTE2,863,7752,7950,198
MTE2,869,7950,8148,198
MTE2,1063,8148,8346,198
MTE2,1069,8346,8544,198
MTE2,1075,8544,8742,198
MTE2,1081,8742,8940,198
MTE2,1087,8940,9138,198
MTE2,1093,9138,9336,198
MTE2,1099,9336,9534,198
MTE2,1105,9534,9732,198
MTE2,1111,9732,9930,198
MTE2,1117,9930,10128,198
MTE2,1123,10128,10326,198
MTE2,1129,10326,10524,198
MTE2,1135,10524,10722,198
MTE2,1141,10722,10920,198
MTE2,1147,10920,11118,198
MTE2,1153,11118,11316,198
MTE2,69,11316,11673,357
MTE2,71,11736,12093,357
MTE2,95,12093,12450,357
MTE2,97,12450,12807,357
MTE2,99,12807,13164,357
MTE2,101,13164,13521,357
MTE2,119,13521,13878,357
MTE2,121,13878,14235,357
MTE2,123,14235,14592,357
MTE2,125,14592,14949,357
MTE2,143,14949,15306,357
MTE2,145,15306,15663,357
MTE2,147,15663,16020,357
MTE2,149,16020,16377,357
MTE2,167,16377,16734,357
MTE2,169,16734,17091,357
MTE2,171,17091,17448,357
MTE2,173,17448,17805,357
MTE2,191,17805,18162,357
MTE2,193,18162,18519,357
MTE2,195,18519,18876,357
MTE2,197,18876,19233,357
MTE2,215,19233,19590,357
MTE2,217,19590,19947,357
MTE2,219,19947,20304,357
MTE2,221,20304,20661,357
MTE2,239,20661,21018,357
MTE2,241,21018,21375,357
MTE2,243,21375,21732,357
MTE2,245,21732,22089,357
MTE2,474,22089,22446,357
MTE2,476,22446,22803,357
MTE2,478,22803,23160,357
MTE2,480,23160,23517,357
MTE2,482,23517,23874,357
MTE2,484,23874,24231,357
MTE2,486,24231,24588,357
MTE2,488,24588,24945,357
MTE2,522,24945,25302,357
MTE2,524,25302,25659,357
MTE2,526,25659,26016,357
MTE2,528,26016,26373,357
MTE2,530,26373,26730,357
MTE2,532,26730,27087,357
MTE2,534,27087,27444,357
MTE2,536,27444,27801,357
MTE2,538,27801,28158,357
MTE2,540,28158,28515,357
MTE2,542,28515,28872,357
MTE2,544,28872,29229,357
MTE2,546,29229,29586,357
MTE2,548,29586,29943,357
MTE2,550,29943,30300,357
MTE2,552,30300,30657,357
MTE2,610,30657,31014,357
MTE2,612,31014,31371,357
MTE2,614,31371,31728,357
MTE2,616,31728,32085,357
MTE2,618,32085,32442,357
MTE2,620,32442,32799,357
MTE2,622,32799,33156,357
MTE2,624,33156,33513,357
MTE2,626,33513,33870,357
MTE2,628,33870,34227,357
MTE2,630,34227,34584,357
MTE2,632,34584,34941,357
MTE2,634,34941,35298,357
MTE2,636,35298,35655,357
MTE2,638,35655,36012,357
MTE2,640,36012,36369,357
MTE2,698,36369,36726,357
MTE2,700,36726,37083,357
MTE2,702,37083,37440,357
MTE2,704,37440,37797,357
MTE2,706,37797,38154,357
MTE2,708,38154,38511,357
MTE2,710,38511,38868,357
MTE2,712,38868,39225,357
MTE2,714,39225,39582,357
MTE2,716,39582,39939,357
MTE2,718,39939,40296,357
MTE2,720,40296,40653,357
MTE2,722,40653,41010,357
MTE2,724,41010,41367,357
MTE2,726,41367,41724,357
MTE2,728,41724,42081,357
MTE2,894,42081,42438,357
MTE2,896,42438,42795,357
MTE2,898,42795,43152,357
MTE2,900,43152,43509,357
MTE2,902,43509,43866,357
MTE2,904,43866,44223,357
MTE2,906,44223,44580,357
MTE2,908,44580,44937,357
MTE2,910,44937,45294,357
MTE2,912,45294,45651,357
MTE2,914,45651,46008,357
MTE2,916,46008,46365,357
MTE2,918,46365,46722,357
MTE2,920,46722,47079,357
MTE2,922,47079,47436,357
MTE2,924,47436,47793,357
MTE2,982,47793,48150,357
MTE2,984,48150,48507,357
MTE2,986,48507,48864,357
MTE2,988,48864,49221,357
MTE2,990,49221,49578,357
MTE2,992,49578,49935,357
MTE2,994,49935,50292,357
MTE2,996,50292,50649,357
MTE2,998,50649,51006,357
MTE2,1000,51006,51363,357
MTE2,1002,51363,51720,357
MTE2,1004,51720,52077,357
MTE2,1006,52077,52434,357
MTE2,1008,52434,52791,357
MTE2,1010,52791,53148,357
MTE2,1012,53148,53505,357
MTE2,1178,53505,53862,357
MTE2,1180,53862,54219,357
MTE2,1182,54219,54576,357
MTE2,1184,54576,54933,357
MTE2,1186,54933,55290,357
MTE2,1188,55290,55647,357
MTE2,1190,55647,56004,357
MTE2,1192,56004,56361,357
MTE2,1226,56361,56718,357
MTE2,1228,56718,57075,357
MTE2,1230,57075,57432,357
MTE2,1232,57432,57789,357
MTE2,1234,57789,58146,357
MTE2,1236,58146,58503,357
MTE2,1238,58503,58860,357
MTE2,1240,58860,59217,357
MTE2,1242,59217,59574,357
MTE2,1244,59574,59931,357
MTE2,1246,59931,60288,357
MTE2,1248,60288,60645,357
MTE2,1250,60645,61002,357
MTE2,1252,61002,61359,357
MTE2,1254,61359,61716,357
MTE2,1256,61716,62073,357
MTE2,1314,62073,62430,357
MTE2,1316,62430,62787,357
MTE2,1318,62787,63144,357
MTE2,1320,63144,63501,357
MTE2,1322,63501,63858,357
MTE2,1324,63858,64215,357
MTE2,1326,64215,64572,357
MTE2,1328,64572,64929,357
MTE2,1330,64929,65286,357
MTE2,1332,65286,65643,357
MTE2,1334,65643,66000,357
MTE2,1336,66000,66357,357
MTE2,1338,66357,66714,357
MTE2,1340,66714,67071,357
MTE2,1342,67071,67428,357
MTE2,1344,67428,67785,357
MTE2,1402,67785,68142,357
MTE2,1404,68142,68499,357
MTE2,1406,68499,68856,357
MTE2,1408,68856,69213,357
MTE2,1410,69213,69570,357
MTE2,1412,69570,69927,357
MTE2,1414,69927,70284,357
MTE2,1416,70284,70641,357
MTE2,1418,70641,70998,357
MTE2,1420,70998,71355,357
MTE2,1422,71355,71712,357
MTE2,1424,71712,72069,357
MTE2,1426,72069,72426,357
MTE2,1428,72426,72783,357
MTE2,1430,72783,73140,357
MTE2,1432,73140,73497,357
MTE2,1490,73497,73854,357
MTE2,1492,73854,74211,357
MTE2,1494,74211,74568,357
MTE2,1496,74568,74925,357
MTE2,1498,74925,75282,357
MTE2,1500,75282,75639,357
MTE2,1502,75639,75996,357
MTE2,1504,75996,76353,357
MTE2,1506,76353,76710,357
MTE2,1508,76710,77067,357
MTE2,1510,77067,77424,357
MTE2,1512,77424,77781,357
MTE2,1514,77781,78138,357
MTE2,1516,78138,78495,357
MTE2,1518,78495,78852,357
MTE2,1520,78852,79209,357
MTE2,1578,79209,79566,357
MTE2,1580,79566,79923,357
MTE2,1582,79923,80280,357
MTE2,1584,80280,80637,357
MTE2,1586,80637,80994,357
MTE2,1588,80994,81351,357
MTE2,1590,81351,81708,357
MTE2,1592,81708,82065,357
MTE2,1594,82065,82422,357
MTE2,1596,82422,82779,357
MTE2,1598,82779,83136,357
MTE2,1600,83136,83493,357
MTE2,1602,83493,83850,357
MTE2,1604,83850,84207,357
MTE2,1606,84207,84564,357
MTE2,1608,84564,84921,357
MTE2,1666,84921,85278,357
MTE2,1668,85278,85635,357
MTE2,1670,85635,85992,357
MTE2,1672,85992,86349,357
MTE2,1674,86349,86706,357
MTE2,1676,86706,87063,357
MTE2,1678,87063,87420,357
MTE2,1680,87420,87777,357
MTE2,1682,87777,88134,357
MTE2,1684,88134,88491,357
MTE2,1686,88491,88848,357
MTE2,1688,88848,89205,357
MTE2,1690,89205,89562,357
MTE2,1692,89562,89919,357
MTE2,1694,89919,90276,357
MTE2,1696,90276,90633,357
MTE2,263,90633,91086,453
MTE2,265,91086,91539,453
MTE2,267,91539,91992,453
MTE2,269,91992,92445,453
MTE2,65,92749,94354,1605
MTE2,67,94354,95959,1605
MTE2,3153,104225,105911,1686
MTE2,3151,107914,108352,438
MTE2,3149,110198,110636,438
MTE2,3155,110636,112322,1686
MTE2,3147,114325,114763,438
MTE2,3145,114826,115264,438
MTE2,3143,115264,115702,438
MTE2,3141,118513,118951,438
MTE2,3139,118951,119389,438
MTE2,3137,122200,122638,438
MTE2,3135,125857,126295,438
MTE2,3133,126295,126733,438
MTE2,3131,126733,127171,438
MTE2,3129,130078,130516,438
MTE2,3127,131146,131584,438
MTE2,3125,131584,132022,438
MTE2,3123,132715,133153,438
MTE2,3121,133216,133654,438
MTE2,3119,133654,133806,152
MTE2,3117,133974,134412,438
MTE2,3115,134475,134913,438
MTE2,3113,134913,135065,152
MTE2,3103,135233,135671,438
MTE2,2705,135671,136109,438
MTE2,2707,136172,136610,438
MTE2,2709,136673,137111,438
MTE2,2711,137174,137612,438
MTE2,2713,137675,138113,438
MTE2,2715,138176,138614,438
MTE2,2717,138760,139198,438
MTE2,3105,139345,139879,534
MTE2,3107,139953,140487,534
MTE2,3109,140561,141095,534
MTE2,3111,141169,141703,534
MTE2,2703,141777,141991,214
MTE2,2701,142025,142239,214
MTE2,2699,142273,142487,214
MTE2,2697,142521,142735,214
MTE2,2695,142769,142983,214
MTE2,2693,143017,143231,214
MTE2,2691,143265,143447,182
MTE2,2689,143477,143659,182
MTE2,2687,143689,143871,182
MTE2,2685,143901,144083,182
MTE2,2683,144113,144295,182
MTE2,2681,144325,144507,182
MTE2,2679,144537,144719,182
MTE2,2677,144749,144931,182
MTE2,2675,144961,145143,182
MTE2,2673,145173,145355,182
MTE2,2671,145385,145567,182
MTE2,2669,145597,145779,182
MTE2,2667,145809,145991,182
MTE2,2665,146021,146203,182
MTE2,2663,146233,146415,182
MTE2,2661,146445,146627,182
MTE2,2659,146657,146839,182
MTE2,2657,146869,147051,182
MTE2,2655,147081,147263,182
MTE2,2653,147293,147475,182
MTE2,2651,147505,147687,182
MTE2,2649,147717,147899,182
MTE2,2647,147929,148111,182
MTE2,2645,148141,148323,182
MTE2,2719,148353,148791,438
MTE2,2721,148854,149292,438
MTE2,2723,149922,150360,438
MTE2,2725,150360,150798,438
MTE2,2727,151491,151929,438
MTE2,2729,151929,152367,438
MTE2,2731,153060,153498,438
MTE2,2733,153498,153936,438
MTE2,2735,154629,155067,438
MTE2,2737,155067,155505,438
MTE2,2739,155674,156112,438
MTE2,2741,156227,156665,438
MTE2,2743,157262,157700,438
MTE2,2745,157700,158138,438
MTE2,2747,158307,158745,438
MTE2,2749,158860,159298,438
MTE2,2751,159895,160333,438
MTE2,2753,160333,160771,438
MTE2,2755,160940,161378,438
MTE2,2757,161493,161931,438
MTE2,2759,162528,162966,438
MTE2,2761,162966,163404,438
MTE2,2763,164063,164501,438
MTE2,2765,164564,165002,438
MTE2,2767,165117,165555,438
MTE2,2769,165662,166100,438
MTE2,2771,166163,166601,438
MTE2,2773,166664,167102,438
MTE2,2775,167165,167603,438
MTE2,2777,167666,168104,438
MTE2,2779,168167,168605,438
MTE2,2781,168668,169106,438
MTE2,2783,169169,169607,438
MTE2,2785,169670,170108,438
MTE2,2787,170171,170609,438
MTE2,2789,170672,171110,438
MTE2,2791,171110,171548,438
MTE2,2793,171611,172049,438
MTE2,2795,172112,172550,438
MTE2,2797,172613,173051,438
MTE2,2799,173114,173552,438
MTE2,2801,173615,174053,438
MTE2,2803,174116,174554,438
MTE2,2805,174617,175055,438
MTE2,2807,175118,175556,438
MTE2,2809,175619,176057,438
MTE2,2811,176120,176558,438
MTE2,2813,176621,177059,438
MTE2,2815,177122,177560,438
MTE2,2817,177623,178061,438
MTE2,2819,178124,178562,438
MTE2,2821,178625,179063,438
MTE2,2823,179126,179564,438
MTE2,2825,179627,180065,438
MTE2,2827,180128,180566,438
MTE2,2829,180629,181067,438
MTE2,2643,181324,181602,278
MTE2,2641,181645,181923,278
MTE2,2639,181923,182201,278
MTE2,2637,182244,182522,278
MTE2,2635,182565,182843,278
MTE2,2633,182886,183164,278
MTE2,2631,183207,183485,278
MTE2,2629,183528,183806,278
MTE2,2627,183849,184127,278
MTE2,2625,184127,184405,278
MTE2,2623,184448,184726,278
MTE2,2621,184769,185047,278
MTE2,2619,185090,185368,278
MTE2,2617,185411,185689,278
MTE2,2615,185865,186143,278
MTE2,2613,186143,186421,278
MTE2,2831,186464,186902,438
MTE2,2833,186902,187340,438
MTE2,2835,187509,187947,438
MTE2,2837,188062,188500,438
MTE2,2839,188615,189053,438
MTE2,2841,189053,189491,438
MTE2,2843,189660,190098,438
MTE2,2845,190213,190651,438
MTE2,2847,190766,191204,438
MTE2,2849,191204,191642,438
MTE2,2851,191811,192249,438
MTE2,2853,192364,192802,438
MTE2,2855,192917,193355,438
MTE2,2857,193355,193793,438
MTE2,2859,194452,194890,438
MTE2,2861,194953,195391,438
MTE2,2863,195506,195944,438
MTE2,2865,196007,196445,438
MTE2,2867,196508,196946,438
MTE2,2869,197009,197447,438
MTE2,2871,197510,197948,438
MTE2,2873,198011,198449,438
MTE2,2875,198512,198950,438
MTE2,2877,199013,199451,438
MTE2,2879,199514,199952,438
MTE2,2881,200015,200453,438
MTE2,2883,200516,200954,438
MTE2,2885,201017,201455,438
MTE2,2887,201518,201956,438
MTE2,2889,202019,202457,438
MTE2,2891,202520,202958,438
MTE2,2893,203021,203459,438
MTE2,2611,203522,203800,278
MTE2,2609,203843,204121,278
MTE2,2607,204164,204442,278
MTE2,2605,204485,204763,278
MTE2,2603,204806,205084,278
MTE2,2601,205127,205405,278
MTE2,2599,205448,205726,278
MTE2,2597,205769,206047,278
MTE2,2595,206090,206368,278
MTE2,2593,206411,206689,278
MTE2,2591,206732,207010,278
MTE2,2589,207053,207331,278
MTE2,2587,207374,207652,278
MTE2,2585,207695,207973,278
MTE2,2583,208016,208294,278
MTE2,2581,208337,208615,278
MTE2,2895,208658,209096,438
MTE2,2897,209096,209534,438
MTE2,2899,217868,218306,438
MTE2,2901,218369,218807,438
MTE2,2903,223230,223668,438
MTE2,2905,223731,224169,438
MTE2,2907,228592,229030,438
MTE2,2909,229030,229468,438
MTE2,2911,233954,234392,438
MTE2,2913,234455,234893,438
MTE2,2915,234956,235394,438
MTE2,2917,235457,235895,438
MTE2,2919,235958,236396,438
MTE2,2921,236459,236897,438
MTE2,2923,236960,237398,438
MTE2,2925,237461,237899,438
MTE2,2927,237962,238400,438
MTE2,2929,238463,238901,438
MTE2,2931,238964,239402,438
MTE2,2933,239465,239903,438
MTE2,2935,239966,240404,438
MTE2,2937,240467,240905,438
MTE2,2939,240968,241406,438
MTE2,2941,241469,241907,438
MTE2,2943,241970,242408,438
MTE2,2945,242471,242909,438
MTE2,2947,242972,243410,438
MTE2,2949,243473,243911,438
MTE2,2951,243974,244412,438
MTE2,2953,244475,244913,438
MTE2,2955,244976,245414,438
MTE2,2957,245477,245915,438
MTE2,2959,245978,246416,438
MTE2,2961,246479,246917,438
MTE2,2963,246980,247418,438
MTE2,2965,247481,247919,438
MTE2,2967,247982,248420,438
MTE2,2969,248483,248921,438
MTE2,2971,248984,249422,438
MTE2,2973,249485,249923,438
MTE2,2975,249986,250424,438
MTE2,2977,250487,250925,438
MTE2,2979,250988,251426,438
MTE2,2981,251489,251927,438
MTE2,2983,251990,252428,438
MTE2,2985,252491,252929,438
MTE2,2987,252992,253430,438
MTE2,2989,253493,253931,438
MTE2,2991,253994,254432,438
MTE2,2993,254495,254933,438
MTE2,2995,254996,255434,438
MTE2,2997,255497,255935,438
MTE2,2999,255998,256436,438
MTE2,3001,256499,256937,438
MTE2,3003,257000,257438,438
MTE2,3005,257501,257939,438
MTE2,3007,258002,258440,438
MTE2,3009,258503,258941,438
MTE2,3011,259004,259442,438
MTE2,3013,259505,259943,438
MTE2,3015,260006,260444,438
MTE2,3017,260507,260945,438
MTE2,3019,261008,261446,438
MTE2,3021,261509,261947,438
MTE2,3023,262010,262448,438
MTE2,3025,262511,262949,438
MTE2,3027,263012,263450,438
MTE2,3029,263513,263951,438
MTE2,3031,264014,264452,438
MTE2,3033,264515,264953,438
MTE2,3035,265016,265454,438
MTE2,3037,265517,265955,438
MTE2,3039,266018,266456,438
MTE2,3041,266519,266957,438
MTE2,3043,267020,267458,438
MTE2,3045,267521,267959,438
MTE2,3047,268022,268460,438
MTE2,3049,268523,268961,438
MTE2,3051,269024,269462,438
MTE2,3053,269525,269963,438
MTE2,3055,270026,270464,438
MTE2,3057,270527,270965,438
MTE2,3059,271028,271466,438
MTE2,3061,271529,271967,438
MTE2,3063,272030,272468,438
MTE2,3065,272531,272969,438
MTE2,3067,273032,273470,438
MTE2,3069,273533,273971,438
MTE2,3071,274034,274472,438
MTE2,3073,274535,274973,438
MTE2,3075,275036,275474,438
MTE2,3077,275537,275975,438
MTE2,3079,276038,276476,438
MTE2,3081,276539,276977,438
MTE2,3083,277040,277478,438
MTE2,3085,277541,277979,438
MTE2,3087,278042,278480,438
MTE2,3089,278543,278981,438
MTE2,3091,279044,279482,438
MTE2,3093,279545,279983,438
MTE2,3095,280046,280484,438
MTE2,3097,280547,280985,438
MTE2,3099,281048,281486,438
MTE2,3101,281549,281987,438
MTE2,3169,282978,283272,294
MTE2,3177,283940,284234,294
MTE2,3185,284715,285009,294
MTE2,3161,285490,285784,294
MTE2,3263,285784,286702,918
MTE2,3163,287292,287586,294
MTE2,3171,288076,288370,294
MTE2,3179,288860,289154,294
MTE2,3187,289644,289938,294
MTE2,3255,289938,290184,246
MTE2,3257,290184,290430,246
MTE2,3259,290430,290676,246
MTE2,3261,290676,290922,246
MTE2,3157,290922,291216,294
MTE2,3253,291260,292178,918
MTE2,3165,292768,293062,294
MTE2,3173,293552,293846,294
MTE2,3181,294336,294630,294
MTE2,3189,295120,295414,294
MTE2,3245,295414,295660,246
MTE2,3247,295660,295906,246
MTE2,3249,295906,296152,246
MTE2,3251,296152,296398,246
MTE2,3159,296398,296692,294
MTE2,3243,296736,297654,918
MTE2,3167,298244,298538,294
MTE2,3241,298538,298690,152
MTE2,3175,299232,299526,294
MTE2,3239,299526,299678,152
MTE2,3183,300220,300514,294
MTE2,3237,300514,300666,152
MTE2,3223,301208,301502,294
MTE2,3235,301502,301654,152
MTE2,3191,302196,302410,214
MTE2,3193,302828,303042,214
MTE2,3195,303460,303674,214
MTE2,3197,304092,304306,214
MTE2,3199,304724,304938,214
MTE2,3201,305356,305570,214
MTE2,3203,305988,306202,214
MTE2,3205,306620,306834,214
MTE2,3207,307252,307466,214
MTE2,3209,307884,308098,214
MTE2,3211,308516,308730,214
MTE2,3213,309148,309362,214
MTE2,3215,309780,309994,214
MTE2,3217,310412,310626,214
MTE2,3219,311044,311258,214
MTE2,3221,311676,311890,214
MTE2,3495,319250,319784,534
MTE2,3233,320985,321903,918
MTE2,3265,321903,322197,294
MTE2,3267,322197,325419,3222
MTE2,3279,327422,327716,294
MTE2,3287,329499,329793,294
MTE2,3295,331576,331870,294
MTE2,3303,336581,336875,294
MTE2,3487,336875,337409,534
MTE2,3489,341586,342120,534
MTE2,3491,342120,342654,534
MTE2,3493,348030,348564,534
MTE2,3269,348564,348858,294
MTE2,3271,349765,352987,3222
MTE2,3281,354990,355284,294
MTE2,3503,355284,358506,3222
MTE2,3289,360291,360585,294
MTE2,3497,360585,363807,3222
MTE2,3297,365592,365886,294
MTE2,3499,368814,372036,3222
MTE2,3305,373821,374115,294
MTE2,3501,377043,380265,3222
MTE2,3479,380265,380799,534
MTE2,3481,382050,382584,534
MTE2,3483,382584,383118,534
MTE2,3485,388494,389028,534
MTE2,3273,389028,389322,294
MTE2,3275,390229,393451,3222
MTE2,3283,395454,395748,294
MTE2,3511,395748,398970,3222
MTE2,3291,400755,401049,294
MTE2,3505,401049,404271,3222
MTE2,3299,406056,406350,294
MTE2,3507,409278,412500,3222
MTE2,3307,414285,414579,294
MTE2,3509,417507,420729,3222
MTE2,3471,420729,421263,534
MTE2,3473,422514,423048,534
MTE2,3475,423048,423582,534
MTE2,3477,428958,429492,534
MTE2,3277,429492,429786,294
MTE2,3469,430693,433915,3222
MTE2,3285,435918,436212,294
MTE2,3519,436212,439434,3222
MTE2,3293,441212,441506,294
MTE2,3513,441506,444728,3222
MTE2,3301,446506,446800,294
MTE2,3515,446800,450022,3222
MTE2,3309,451800,452094,294
MTE2,3517,452094,455316,3222
MTE2,3311,457094,457388,294
MTE2,3313,459171,459465,294
MTE2,3315,461250,461544,294
MTE2,3231,461544,461696,152
MTE2,3317,463329,463623,294
MTE2,3319,465434,465728,294
MTE2,3321,467511,467805,294
MTE2,3323,469590,469884,294
MTE2,3229,469884,470036,152
MTE2,3325,471669,471963,294
MTE2,3327,473774,474068,294
MTE2,3329,475851,476145,294
MTE2,3331,477930,478224,294
MTE2,3227,478224,478376,152
MTE2,3333,480009,480303,294
MTE2,3335,482114,482408,294
MTE2,3337,484191,484485,294
MTE2,3339,486270,486564,294
MTE2,3225,486564,486716,152
MTE2,3341,488349,488643,294
MTE2,3343,490454,490748,294
MTE2,3345,492531,492825,294
MTE2,3521,492825,493743,918
MTE2,3347,495528,495822,294
MTE2,3349,497607,497901,294
MTE2,3351,499679,499973,294
MTE2,3353,501756,502050,294
MTE2,3355,503835,504129,294
MTE2,3357,505914,506208,294
MTE2,3359,507986,508280,294
MTE2,3361,510063,510357,294
MTE2,3363,512142,512436,294
MTE2,3365,514221,514515,294
MTE2,3367,516293,516587,294
MTE2,3369,518370,518664,294
MTE2,3371,520449,520743,294
MTE2,3373,522528,522822,294
MTE2,3375,524600,524894,294
MTE2,3523,524894,526580,1686
MTE2,3377,530085,530379,294
MTE2,3525,530379,532065,1686
MTE2,3379,535836,536130,294
MTE2,3527,537522,539208,1686
MTE2,3381,542979,543273,294
MTE2,3383,548171,548465,294
MTE2,3385,551970,552264,294
MTE2,3529,552264,553950,1686
MTE2,3387,557721,558015,294
MTE2,3531,559407,561093,1686
MTE2,3389,564864,565158,294
MTE2,3391,570056,570350,294
MTE2,3393,573855,574149,294
MTE2,3535,574149,575835,1686
MTE2,3395,579606,579900,294
MTE2,3537,581292,582978,1686
MTE2,3397,586749,587043,294
MTE2,3399,591941,592235,294
MTE2,3401,595740,596034,294
MTE2,3541,596034,597720,1686
MTE2,3403,601491,601785,294
MTE2,3543,601785,603471,1686
MTE2,3405,607242,607536,294
MTE2,3407,611042,611336,294
MTE2,3533,611336,613022,1686
MTE2,3409,616527,616821,294
MTE2,3539,618213,619899,1686
MTE2,3411,623670,623964,294
MTE2,3413,627735,628029,294
MTE2,3415,632927,633221,294
MTE2,3545,634613,636299,1686
MTE2,3417,639804,640098,294
MTE2,3419,643869,644163,294
MTE2,3547,645555,647241,1686
MTE2,3421,651012,651306,294
MTE2,3423,656204,656498,294
MTE2,3425,660003,660297,294
MTE2,3551,660297,661983,1686
MTE2,3427,665754,666048,294
MTE2,3553,667440,669126,1686
MTE2,3429,672897,673191,294
MTE2,3431,678089,678383,294
MTE2,3433,681888,682182,294
MTE2,3557,682182,683868,1686
MTE2,3435,687639,687933,294
MTE2,3559,687933,689619,1686
MTE2,3437,693390,693684,294
MTE2,3439,697190,697484,294
MTE2,3549,697484,699170,1686
MTE2,3441,702675,702969,294
MTE2,3555,704361,706047,1686
MTE2,3443,709818,710112,294
MTE2,3445,713883,714177,294
MTE2,3447,719075,719369,294
MTE2,3561,720853,722539,1686
MTE2,3449,726044,726338,294
MTE2,3451,730109,730403,294
MTE2,3563,731795,733481,1686
MTE2,3453,737252,737546,294
MTE2,3455,742444,742738,294
MTE2,3457,746243,746537,294
MTE2,3565,746537,748223,1686
MTE2,3459,751994,752288,294
MTE2,3567,753680,755366,1686
MTE2,3461,759137,759431,294
MTE2,3463,764329,764623,294
MTE2,3465,768128,768422,294
MTE2,3569,768422,770108,1686
MTE2,3467,773879,774173,294
MTE2,3571,774173,775859,1686
MTE3,2580,11316,11316,0
MTE3,2582,11316,11316,0
MTE3,2584,11316,11316,0
MTE3,2586,11316,11316,0
MTE3,2588,11316,11316,0
MTE3,2590,11316,11316,0
MTE3,2592,11316,11316,0
MTE3,2594,11316,11316,0
MTE3,2596,11316,11316,0
MTE3,2598,11316,11316,0
MTE3,2600,11316,11316,0
MTE3,2602,11316,11316,0
MTE3,2604,11316,11316,0
MTE3,2606,11316,11316,0
MTE3,2608,11316,11316,0
MTE3,2610,11316,11316,0
MTE3,2612,11316,11316,0
MTE3,2614,11316,11316,0
MTE3,2616,11316,11316,0
MTE3,2618,11316,11316,0
MTE3,2620,11316,11316,0
MTE3,2622,11316,11316,0
MTE3,2624,11316,11316,0
MTE3,2626,11316,11316,0
MTE3,2628,11316,11316,0
MTE3,2630,11316,11316,0
MTE3,2632,11316,11316,0
MTE3,2634,11316,11316,0
MTE3,2636,11316,11316,0
MTE3,2638,11316,11316,0
MTE3,2640,11316,11316,0
MTE3,2642,11316,11316,0
MTE3,2644,11316,11316,0
MTE3,2646,11316,11316,0
MTE3,2648,11316,11316,0
MTE3,2650,11316,11316,0
MTE3,2652,11316,11316,0
MTE3,2654,11316,11316,0
MTE3,2656,11316,11316,0
MTE3,2658,11316,11316,0
MTE3,2660,11316,11316,0
MTE3,2662,11316,11316,0
MTE3,2664,11316,11316,0
MTE3,2666,11316,11316,0
MTE3,2668,11316,11316,0
MTE3,2670,11316,11316,0
MTE3,2672,11316,11316,0
MTE3,2674,11316,11316,0
MTE3,2676,11316,11316,0
MTE3,2678,11316,11316,0
MTE3,2680,11316,11316,0
MTE3,2682,11316,11316,0
MTE3,2684,11316,11316,0
MTE3,2686,11316,11316,0
MTE3,2688,11316,11316,0
MTE3,2690,11316,11316,0
MTE3,2692,11316,11316,0
MTE3,2694,11316,11316,0
MTE3,2696,11316,11316,0
MTE3,2698,11316,11316,0
MTE3,2700,11316,11316,0
MTE3,2702,11316,11316,0
MTE3,2704,19947,19947,0
MTE3,2706,20304,20304,0
MTE3,2708,20661,20661,0
MTE3,2710,21018,21018,0
MTE3,2712,21375,21375,0
MTE3,2714,21732,21732,0
MTE3,2716,22089,22089,0
MTE3,2718,22446,22446,0
MTE3,2720,22803,22803,0
MTE3,2722,23160,23160,0
MTE3,2724,23517,23517,0
MTE3,2726,23874,23874,0
MTE3,2728,24231,24231,0
MTE3,2730,24588,24588,0
MTE3,2732,24945,24945,0
MTE3,2734,25302,25302,0
MTE3,2736,25659,25659,0
MTE3,2738,26016,26016,0
MTE3,2740,26373,26373,0
MTE3,2742,26730,26730,0
MTE3,2744,27087,27087,0
MTE3,2746,27444,27444,0
MTE3,2748,27801,27801,0
MTE3,2750,28158,28158,0
MTE3,2752,28515,28515,0
MTE3,2754,28872,28872,0
MTE3,2756,29229,29229,0
MTE3,2758,29586,29586,0
MTE3,2760,29943,29943,0
MTE3,2762,30300,30300,0
MTE3,2764,30657,30657,0
MTE3,2766,31014,31014,0
MTE3,2768,31371,31371,0
MTE3,2770,31728,31728,0
MTE3,2772,32085,32085,0
MTE3,2774,32442,32442,0
MTE3,2776,32799,32799,0
MTE3,2778,33156,33156,0
MTE3,2780,33513,33513,0
MTE3,2782,33870,33870,0
MTE3,2784,34227,34227,0
MTE3,2786,34584,34584,0
MTE3,2788,34941,34941,0
MTE3,2790,35298,35298,0
MTE3,2792,35655,35655,0
MTE3,2794,36012,36012,0
MTE3,2796,36369,36369,0
MTE3,2798,36726,36726,0
MTE3,2800,37083,37083,0
MTE3,2802,37440,37440,0
MTE3,2804,37797,37797,0
MTE3,2806,38154,38154,0
MTE3,2808,38511,38511,0
MTE3,2810,38868,38868,0
MTE3,2812,39225,39225,0
MTE3,2814,39582,39582,0
MTE3,2816,39939,39939,0
MTE3,2818,40296,40296,0
MTE3,2820,40653,40653,0
MTE3,2822,41010,41010,0
MTE3,2824,41367,41367,0
MTE3,2826,41724,41724,0
MTE3,2828,42081,42081,0
MTE3,2830,42438,42438,0
MTE3,2832,42795,42795,0
MTE3,2834,43152,43152,0
MTE3,2836,43509,43509,0
MTE3,2838,43866,43866,0
MTE3,2840,44223,44223,0
MTE3,2842,44580,44580,0
MTE3,2844,44937,44937,0
MTE3,2846,45294,45294,0
MTE3,2848,45651,45651,0
MTE3,2850,46008,46008,0
MTE3,2852,46365,46365,0
MTE3,2854,46722,46722,0
MTE3,2856,47079,47079,0
MTE3,2858,47436,47436,0
MTE3,2860,47793,47793,0
MTE3,2862,48150,48150,0
MTE3,2864,48507,48507,0
MTE3,2866,48864,48864,0
MTE3,2868,49221,49221,0
MTE3,2870,49578,49578,0
MTE3,2872,49935,49935,0
MTE3,2874,50292,50292,0
MTE3,2876,50649,50649,0
MTE3,2878,51006,51006,0
MTE3,2880,51363,51363,0
MTE3,2882,51720,51720,0
MTE3,2884,52077,52077,0
MTE3,2886,52434,52434,0
MTE3,2888,52791,52791,0
MTE3,2890,53148,53148,0
MTE3,2892,53505,53505,0
MTE3,2894,53862,53862,0
MTE3,2896,54219,54219,0
MTE3,2898,54576,54576,0
MTE3,2900,54933,54933,0
MTE3,2902,55290,55290,0
MTE3,2904,55647,55647,0
MTE3,2906,56004,56004,0
MTE3,2908,56361,56361,0
MTE3,2910,56718,56718,0
MTE3,2912,57075,57075,0
MTE3,2914,57432,57432,0
MTE3,2916,57789,57789,0
MTE3,2918,58146,58146,0
MTE3,2920,58503,58503,0
MTE3,2922,58860,58860,0
MTE3,2924,59217,59217,0
MTE3,2926,59574,59574,0
MTE3,2928,59931,59931,0
MTE3,2930,60288,60288,0
MTE3,2932,60645,60645,0
MTE3,2934,61002,61002,0
MTE3,2936,61359,61359,0
MTE3,2938,61716,61716,0
MTE3,2940,62073,62073,0
MTE3,2942,62430,62430,0
MTE3,2944,62787,62787,0
MTE3,2946,63144,63144,0
MTE3,2948,63501,63501,0
MTE3,2950,63858,63858,0
MTE3,2952,64215,64215,0
MTE3,2954,64572,64572,0
MTE3,2956,64929,64929,0
MTE3,2958,65286,65286,0
MTE3,2960,65643,65643,0
MTE3,2962,66000,66000,0
MTE3,2964,66357,66357,0
MTE3,2966,66714,66714,0
MTE3,2968,67071,67071,0
MTE3,2970,67428,67428,0
MTE3,2972,67785,67785,0
MTE3,2974,68142,68142,0
MTE3,2976,68499,68499,0
MTE3,2978,68856,68856,0
MTE3,2980,69213,69213,0
MTE3,2982,69570,69570,0
MTE3,2984,69927,69927,0
MTE3,2986,70284,70284,0
MTE3,2988,70641,70641,0
MTE3,2990,70998,70998,0
MTE3,2992,71355,71355,0
MTE3,2994,71712,71712,0
MTE3,2996,72069,72069,0
MTE3,2998,72426,72426,0
MTE3,3000,72783,72783,0
MTE3,3002,73140,73140,0
MTE3,3004,73497,73497,0
MTE3,3006,73854,73854,0
MTE3,3008,74211,74211,0
MTE3,3010,74568,74568,0
MTE3,3012,74925,74925,0
MTE3,3014,75282,75282,0
MTE3,3016,75639,75639,0
MTE3,3018,75996,75996,0
MTE3,3020,76353,76353,0
MTE3,3022,76710,76710,0
MTE3,3024,77067,77067,0
MTE3,3026,77424,77424,0
MTE3,3028,77781,77781,0
MTE3,3030,78138,78138,0
MTE3,3032,78495,78495,0
MTE3,3034,78852,78852,0
MTE3,3036,79209,79209,0
MTE3,3038,79566,79566,0
MTE3,3040,79923,79923,0
MTE3,3042,80280,80280,0
MTE3,3044,80637,80637,0
MTE3,3046,80994,80994,0
MTE3,3048,81351,81351,0
MTE3,3050,81708,81708,0
MTE3,3052,82065,82065,0
MTE3,3054,82422,82422,0
MTE3,3056,82779,82779,0
MTE3,3058,83136,83136,0
MTE3,3060,83493,83493,0
MTE3,3062,83850,83850,0
MTE3,3064,84207,84207,0
MTE3,3066,84564,84564,0
MTE3,3068,84921,84921,0
MTE3,3070,85278,85278,0
MTE3,3072,85635,85635,0
MTE3,3074,85992,85992,0
MTE3,3076,86349,86349,0
MTE3,3078,86706,86706,0
MTE3,3080,87063,87063,0
MTE3,3082,87420,87420,0
MTE3,3084,87777,87777,0
MTE3,3086,88134,88134,0
MTE3,3088,88491,88491,0
MTE3,3090,88848,88848,0
MTE3,3092,89205,89205,0
MTE3,3094,89562,89562,0
MTE3,3096,89919,89919,0
MTE3,3098,90276,90276,0
MTE3,3100,90633,90633,0
MTE3,3102,90633,90633,0
MTE3,3104,91086,91086,0
MTE3,3106,91539,91539,0
MTE3,3108,91992,91992,0
MTE3,3110,92445,92445,0
MTE3,3112,92445,92597,152
MTE3,3114,92597,92597,0
MTE3,3116,92597,92597,0
MTE3,3118,92597,92749,152
MTE3,3120,92749,92749,0
MTE3,3122,92749,92749,0
MTE3,3124,92749,92749,0
MTE3,3126,92749,92749,0
MTE3,3128,92749,92749,0
MTE3,3130,92749,92749,0
MTE3,3132,92749,92749,0
MTE3,3134,92749,92749,0
MTE3,3136,92749,92749,0
MTE3,3138,92749,92749,0
MTE3,3140,92749,92749,0
MTE3,3142,92749,92749,0
MTE3,3144,92749,92749,0
MTE3,3146,92749,92749,0
MTE3,3148,92749,92749,0
MTE3,3150,92749,92749,0
MTE3,3152,100220,101906,1686
MTE3,3154,102316,104002,1686
MTE3,318,142302,142476,174
MTE3,319,142798,142972,174
MTE3,320,143294,143468,174
MTE3,3156,192917,193211,294
MTE3,3158,195506,195800,294
MTE3,3160,195800,196094,294
MTE3,3162,196508,196802,294
MTE3,3164,197009,197303,294
MTE3,3166,197510,197804,294
MTE3,3168,198011,198305,294
MTE3,3170,198512,198806,294
MTE3,3172,199013,199307,294
MTE3,3174,199514,199808,294
MTE3,3176,200015,200309,294
MTE3,3178,200516,200810,294
MTE3,3180,201017,201311,294
MTE3,3182,201518,201812,294
MTE3,3184,202019,202313,294
MTE3,3186,202520,202814,294
MTE3,3188,203021,203315,294
MTE3,3190,203843,204057,214
MTE3,3192,204164,204378,214
MTE3,3194,204485,204699,214
MTE3,3196,204806,205020,214
MTE3,3198,205127,205341,214
MTE3,3200,205448,205662,214
MTE3,3202,205769,205983,214
MTE3,3204,206090,206304,214
MTE3,3206,206411,206625,214
MTE3,3208,206732,206946,214
MTE3,3210,207053,207267,214
MTE3,3212,207374,207588,214
MTE3,3214,207695,207909,214
MTE3,3216,208016,208230,214
MTE3,3218,208337,208551,214
MTE3,3220,208658,208872,214
MTE3,3222,208872,209166,294
MTE3,3224,209166,209318,152
MTE3,3226,209318,209470,152
MTE3,3228,209470,209622,152
MTE3,3230,209622,209774,152
MTE3,3232,209774,210692,918
MTE3,3234,210692,210844,152
MTE3,3236,210844,210996,152
MTE3,3238,210996,211148,152
MTE3,3240,211148,211300,152
MTE3,3242,211300,212218,918
MTE3,3244,212218,212464,246
MTE3,3246,212464,212710,246
MTE3,3248,212710,212956,246
MTE3,3250,212956,213202,246
MTE3,3252,213202,214120,918
MTE3,3254,214120,214366,246
MTE3,3256,214366,214612,246
MTE3,3258,214612,214858,246
MTE3,3260,214858,215104,246
MTE3,3262,215104,216022,918
MTE3,3264,217868,218162,294
MTE3,3266,218162,221384,3222
MTE3,3268,223230,223524,294
MTE3,3270,223524,226746,3222
MTE3,3272,228592,228886,294
MTE3,3274,228886,232108,3222
MTE3,3276,233954,234248,294
MTE3,3278,234455,234749,294
MTE3,3280,234956,235250,294
MTE3,3282,235457,235751,294
MTE3,3284,235958,236252,294
MTE3,3286,236459,236753,294
MTE3,3288,236960,237254,294
MTE3,3290,237461,237755,294
MTE3,3292,237962,238256,294
MTE3,3294,238463,238757,294
MTE3,3296,238964,239258,294
MTE3,3298,239465,239759,294
MTE3,3300,239966,240260,294
MTE3,3302,240467,240761,294
MTE3,3304,240968,241262,294
MTE3,3306,241469,241763,294
MTE3,3308,241970,242264,294
MTE3,3310,242471,242765,294
MTE3,3312,242972,243266,294
MTE3,3314,243473,243767,294
MTE3,3316,243974,244268,294
MTE3,3318,244475,244769,294
MTE3,3320,244976,245270,294
MTE3,3322,245477,245771,294
MTE3,3324,245978,246272,294
MTE3,3326,246479,246773,294
MTE3,3328,246980,247274,294
MTE3,3330,247481,247775,294
MTE3,3332,247982,248276,294
MTE3,3334,248483,248777,294
MTE3,3336,248984,249278,294
MTE3,3338,249485,249779,294
MTE3,3340,249986,250280,294
MTE3,3342,250487,250781,294
MTE3,3344,250988,251282,294
MTE3,3346,251489,251783,294
MTE3,3348,251990,252284,294
MTE3,3350,252491,252785,294
MTE3,3352,252992,253286,294
MTE3,3354,253493,253787,294
MTE3,3356,253994,254288,294
MTE3,3358,254495,254789,294
MTE3,3360,254996,255290,294
MTE3,3362,255497,255791,294
MTE3,3364,255998,256292,294
MTE3,3366,256499,256793,294
MTE3,3368,257000,257294,294
MTE3,3370,257501,257795,294
MTE3,3372,258002,258296,294
MTE3,3374,258503,258797,294
MTE3,3376,259004,259298,294
MTE3,3378,259505,259799,294
MTE3,3380,260006,260300,294
MTE3,3382,260507,260801,294
MTE3,3384,261008,261302,294
MTE3,3386,261509,261803,294
MTE3,3388,262010,262304,294
MTE3,3390,262511,262805,294
MTE3,3392,263012,263306,294
MTE3,3394,263513,263807,294
MTE3,3396,264014,264308,294
MTE3,3398,264515,264809,294
MTE3,3400,265016,265310,294
MTE3,3402,265517,265811,294
MTE3,3404,266018,266312,294
MTE3,3406,266519,266813,294
MTE3,3408,267020,267314,294
MTE3,3410,267521,267815,294
MTE3,3412,268022,268316,294
MTE3,3414,268523,268817,294
MTE3,3416,269024,269318,294
MTE3,3418,269525,269819,294
MTE3,3420,270026,270320,294
MTE3,3422,270527,270821,294
MTE3,3424,271028,271322,294
MTE3,3426,271529,271823,294
MTE3,3428,272030,272324,294
MTE3,3430,272531,272825,294
MTE3,3432,273032,273326,294
MTE3,3434,273533,273827,294
MTE3,3436,274034,274328,294
MTE3,3438,274535,274829,294
MTE3,3440,275036,275330,294
MTE3,3442,275537,275831,294
MTE3,3444,276038,276332,294
MTE3,3446,276539,276833,294
MTE3,3448,277040,277334,294
MTE3,3450,277541,277835,294
MTE3,3452,278042,278336,294
MTE3,3454,278543,278837,294
MTE3,3456,279044,279338,294
MTE3,3458,279545,279839,294
MTE3,3460,280046,280340,294
MTE3,3462,280547,280841,294
MTE3,3464,281048,281342,294
MTE3,3466,281549,281843,294
MTE3,3468,281843,285065,3222
MTE3,3470,312308,312842,534
MTE3,3472,312842,313376,534
MTE3,3474,313376,313910,534
MTE3,3476,313910,314444,534
MTE3,3478,314444,314978,534
MTE3,3480,314978,315512,534
MTE3,3482,315512,316046,534
MTE3,3484,316046,316580,534
MTE3,3486,316580,317114,534
MTE3,3488,317114,317648,534
MTE3,3490,317648,318182,534
MTE3,3492,318182,318716,534
MTE3,3494,318716,319250,534
MTE3,3496,331576,334798,3222
MTE3,3498,336581,339803,3222
MTE3,3500,341586,344808,3222
MTE3,3502,344808,348030,3222
MTE3,3504,365592,368814,3222
MTE3,3506,373821,377043,3222
MTE3,3508,382050,385272,3222
MTE3,3510,385272,388494,3222
MTE3,3512,406056,409278,3222
MTE3,3514,414285,417507,3222
MTE3,3516,422514,425736,3222
MTE3,3518,425736,428958,3222
MTE3,3520,473774,474692,918
MTE3,3522,499679,501365,1686
MTE3,3524,507986,509672,1686
MTE3,3526,516293,517979,1686
MTE3,3528,535836,537522,1686
MTE3,3530,542979,544665,1686
MTE3,3532,548171,549857,1686
MTE3,3534,557721,559407,1686
MTE3,3536,564864,566550,1686
MTE3,3538,570056,571742,1686
MTE3,3540,579606,581292,1686
MTE3,3542,586749,588435,1686
MTE3,3544,616527,618213,1686
MTE3,3546,627735,629421,1686
MTE3,3548,632927,634613,1686
MTE3,3550,643869,645555,1686
MTE3,3552,651012,652698,1686
MTE3,3554,656204,657890,1686
MTE3,3556,665754,667440,1686
MTE3,3558,672897,674583,1686
MTE3,3560,702675,704361,1686
MTE3,3562,713883,715569,1686
MTE3,1745,719075,720853,1778
MTE3,3564,730109,731795,1686
MTE3,3566,737252,738938,1686
MTE3,1746,742444,744222,1778
MTE3,3568,751994,753680,1686
MTE3,3570,759137,760823,1686
MTE3,1747,764329,766107,1778
MTE3,1748,783136,784914,1778
