node_id,op,pipe,cycles,start,finish,latest_start,slack,on_representative_critical_path,on_any_critical_path
46,ALLOC,,0,0,0,3160,3160,0,0
1,ALLOC,,0,0,0,0,0,1,1
3,COPY_IN,MTE2,581,0,581,0,0,1,1
5,ALLOC,,0,0,0,2080,2080,0,0
7,MOVE,MTE1,31,581,612,2080,1499,0,0
2,ALLOC,,0,0,0,581,581,0,0
4,COPY_IN,MTE2,581,581,1162,581,0,1,1
6,ALLOC,,0,0,0,2111,2111,0,0
8,MOVE,MTE1,54,1162,1216,2111,949,0,0
0,ALLOC,,0,0,0,2165,2165,0,0
9,MATMUL,CUBE,128,1216,1344,2165,949,0,0
1147,FREE,,0,1344,1344,2293,949,0,0
1148,FREE,,0,1344,1344,2324,980,0,0
10,ALLOC,,0,0,0,1162,1162,0,0
12,COPY_IN,MTE2,581,1162,1743,1162,0,1,1
14,ALLOC,,0,1344,1344,2293,949,0,0
16,MOVE,MTE1,31,1743,1774,2293,550,0,0
11,ALLOC,,0,0,0,1743,1743,0,0
13,COPY_IN,MTE2,581,1743,2324,1743,0,1,1
15,ALLOC,,0,1344,1344,2324,980,0,0
17,MOVE,MTE1,54,2324,2378,2324,0,1,1
18,MATMUL,CUBE,128,2378,2506,2378,0,1,1
1151,FREE,,0,2506,2506,3497,991,0,0
1152,FREE,,0,2506,2506,3528,1022,0,0
19,ALLOC,,0,0,0,2506,2506,0,0
21,COPY,FIXP,41,2506,2547,2506,0,1,1
1144,FREE,,0,2547,2547,3582,1035,0,0
20,ALLOC,,0,0,0,2547,2547,0,0
22,ROWMAX,VECTOR,310,2547,2857,2547,0,1,1
26,ALLOC,,0,0,0,2857,2857,0,0
27,SUB,VECTOR,151,2857,3008,2857,0,1,1
1153,FREE,,0,3008,3008,3008,0,0,1
28,ALLOC,,0,3008,3008,3008,0,0,1
29,EXP,VECTOR,218,3008,3226,3008,0,1,1
1157,FREE,,0,3226,3226,4125,899,0,0
30,ALLOC,,0,3226,3226,4125,899,0,0
31,ROWSUM,VECTOR,342,3226,3568,4125,899,0,0
36,ALLOC,,0,0,0,3226,3226,0,0
38,COPY,MTE3,271,3226,3497,3226,0,1,1
1158,FREE,,0,3568,3568,4467,899,0,0
40,ALLOC,,0,2506,2506,3497,991,0,0
42,MOVE,MTE1,31,3497,3528,3497,0,1,1
37,ALLOC,,0,0,0,2579,2579,0,0
39,COPY_IN,MTE2,581,2324,2905,2579,255,0,0
41,ALLOC,,0,2506,2506,3528,1022,0,0
43,MOVE,MTE1,54,3528,3582,3528,0,1,1
35,ALLOC,,0,2547,2547,3582,1035,0,0
44,MATMUL,CUBE,128,3582,3710,3582,0,1,1
1165,FREE,,0,3710,3710,3710,0,1,1
1166,FREE,,0,3710,3710,4454,744,0,0
53,ALLOC,,0,3568,3568,4467,899,0,0
54,COPY,FIXP,41,3710,3751,4467,757,0,0
1162,FREE,,0,3751,3751,4508,757,0,0
48,ALLOC,,0,3710,3710,3710,0,1,1
50,MOVE,MTE1,31,3710,3741,3710,0,1,1
1163,FREE,,0,3741,3741,3741,0,1,1
47,COPY_IN,MTE2,581,2905,3486,3160,255,0,0
49,ALLOC,,0,3710,3710,4454,744,0,0
51,MOVE,MTE1,54,3741,3795,4454,713,0,0
45,ALLOC,,0,3751,3751,4508,757,0,0
52,MATMUL,CUBE,128,3795,3923,4508,713,0,0
1169,FREE,,0,3923,3923,4690,767,0,0
1170,FREE,,0,3923,3923,4636,713,0,0
55,ALLOC,,0,0,0,4680,4680,0,0
56,COPY,FIXP,41,3923,3964,4680,757,0,0
1167,FREE,,0,3964,3964,4721,757,0,0
61,ALLOC,,0,3923,3923,4636,713,0,0
63,MOVE,MTE1,54,3923,3977,4636,713,0,0
58,ALLOC,,0,3741,3741,3741,0,1,1
59,COPY_IN,MTE2,581,3741,4322,3741,0,1,1
60,ALLOC,,0,3923,3923,4690,767,0,0
62,MOVE,MTE1,31,4322,4353,4690,368,0,0
57,ALLOC,,0,3964,3964,4721,757,0,0
64,MATMUL,CUBE,128,4353,4481,4721,368,0,0
1175,FREE,,0,4481,4481,4903,422,0,0
1176,FREE,,0,4481,4481,4849,368,0,0
68,ALLOC,,0,4481,4481,4849,368,0,0
70,MOVE,MTE1,54,4481,4535,4849,368,0,0
65,ALLOC,,0,0,0,4322,4322,0,0
66,COPY_IN,MTE2,581,4322,4903,4322,0,1,1
67,ALLOC,,0,4481,4481,4903,422,0,0
69,MOVE,MTE1,31,4903,4934,4903,0,1,1
71,MATMUL,CUBE,128,4934,5062,4934,0,1,1
1178,FREE,,0,5062,5062,6053,991,0,0
1179,FREE,,0,5062,5062,5999,937,0,0
72,ALLOC,,0,0,0,5062,5062,0,0
74,COPY,FIXP,41,5062,5103,5062,0,1,1
1173,FREE,,0,5103,5103,6084,981,0,0
73,ALLOC,,0,0,0,5103,5103,0,0
75,ROWMAX,VECTOR,310,5103,5413,5103,0,1,1
79,ALLOC,,0,0,0,5413,5413,0,0
80,SUB,VECTOR,151,5413,5564,5413,0,1,1
1180,FREE,,0,5564,5564,5564,0,0,1
81,ALLOC,,0,5564,5564,5564,0,0,1
82,EXP,VECTOR,218,5564,5782,5564,0,1,1
1184,FREE,,0,5782,5782,6145,363,0,0
83,ALLOC,,0,5782,5782,6145,363,0,0
84,ROWSUM,VECTOR,342,5782,6124,6145,363,0,0
92,ALLOC,,0,5062,5062,5999,937,0,0
94,MOVE,MTE1,54,5062,5116,5999,937,0,0
89,ALLOC,,0,0,0,5782,5782,0,0
90,COPY,MTE3,271,5782,6053,5782,0,1,1
1185,FREE,,0,6124,6124,6487,363,0,0
91,ALLOC,,0,5062,5062,6053,991,0,0
93,MOVE,MTE1,31,6053,6084,6053,0,1,1
88,ALLOC,,0,5103,5103,6084,981,0,0
95,MATMUL,CUBE,128,6084,6212,6084,0,1,1
1191,FREE,,0,6212,6212,6212,0,1,1
1192,FREE,,0,6212,6212,6474,262,0,0
102,ALLOC,,0,6124,6124,6487,363,0,0
103,COPY,FIXP,41,6212,6253,6487,275,0,0
1189,FREE,,0,6253,6253,6528,275,0,0
97,ALLOC,,0,6212,6212,6212,0,1,1
99,MOVE,MTE1,31,6212,6243,6212,0,1,1
1190,FREE,,0,6243,6243,6243,0,1,1
98,ALLOC,,0,6212,6212,6474,262,0,0
100,MOVE,MTE1,54,6243,6297,6474,231,0,0
96,ALLOC,,0,6253,6253,6528,275,0,0
101,MATMUL,CUBE,128,6297,6425,6528,231,0,0
1194,FREE,,0,6425,6425,7192,767,0,0
1195,FREE,,0,6425,6425,7138,713,0,0
104,ALLOC,,0,0,0,6656,6656,0,0
105,COPY,FIXP,41,6425,6466,6656,231,0,0
1193,FREE,,0,6466,6466,7223,757,0,0
110,ALLOC,,0,6425,6425,7138,713,0,0
112,MOVE,MTE1,54,6425,6479,7138,713,0,0
107,ALLOC,,0,6243,6243,6243,0,1,1
108,COPY_IN,MTE2,581,6243,6824,6243,0,1,1
109,ALLOC,,0,6425,6425,7192,767,0,0
111,MOVE,MTE1,31,6824,6855,7192,368,0,0
106,ALLOC,,0,6466,6466,7223,757,0,0
113,MATMUL,CUBE,128,6855,6983,7223,368,0,0
1200,FREE,,0,6983,6983,7405,422,0,0
1201,FREE,,0,6983,6983,7351,368,0,0
117,ALLOC,,0,6983,6983,7351,368,0,0
119,MOVE,MTE1,54,6983,7037,7351,368,0,0
114,ALLOC,,0,0,0,6824,6824,0,0
115,COPY_IN,MTE2,581,6824,7405,6824,0,1,1
116,ALLOC,,0,6983,6983,7405,422,0,0
118,MOVE,MTE1,31,7405,7436,7405,0,1,1
120,MATMUL,CUBE,128,7436,7564,7436,0,1,1
1203,FREE,,0,7564,7564,8555,991,0,0
1204,FREE,,0,7564,7564,8501,937,0,0
1716,SPILL_OUT,MTE3,406,6466,6872,6697,231,0,0
121,ALLOC,,0,6872,6872,7564,692,0,0
123,COPY,FIXP,41,7564,7605,7564,0,1,1
1198,FREE,,0,7605,7605,8586,981,0,0
1718,SPILL_OUT,MTE3,406,6872,7278,7103,231,0,0
122,ALLOC,,0,7278,7278,7605,327,0,0
124,ROWMAX,VECTOR,310,7605,7915,7605,0,1,1
1720,SPILL_OUT,MTE3,406,7278,7684,7509,231,0,0
128,ALLOC,,0,7684,7684,7915,231,0,0
129,SUB,VECTOR,151,7915,8066,7915,0,1,1
1205,FREE,,0,8066,8066,8066,0,0,1
130,ALLOC,,0,8066,8066,8066,0,0,1
131,EXP,VECTOR,218,8066,8284,8066,0,1,1
1209,FREE,,0,8284,8284,8416,132,0,0
132,ALLOC,,0,8284,8284,8416,132,0,0
133,ROWSUM,VECTOR,342,8284,8626,8416,132,0,0
141,ALLOC,,0,7564,7564,8501,937,0,0
143,MOVE,MTE1,54,7564,7618,8501,937,0,0
138,ALLOC,,0,0,0,8284,8284,0,0
139,COPY,MTE3,271,8284,8555,8284,0,1,1
1210,FREE,,0,8626,8626,8758,132,0,0
140,ALLOC,,0,7564,7564,8555,991,0,0
142,MOVE,MTE1,31,8555,8586,8555,0,1,1
137,ALLOC,,0,7605,7605,8586,981,0,0
144,MATMUL,CUBE,128,8586,8714,8586,0,1,1
1216,FREE,,0,8714,8714,8714,0,1,1
1217,FREE,,0,8714,8714,8745,31,0,0
151,ALLOC,,0,8626,8626,8758,132,0,0
152,COPY,FIXP,41,8714,8755,8758,44,0,0
1214,FREE,,0,8755,8755,8799,44,0,0
146,ALLOC,,0,8714,8714,8714,0,1,1
148,MOVE,MTE1,31,8714,8745,8714,0,1,1
1215,FREE,,0,8745,8745,13814,5069,0,0
147,ALLOC,,0,8714,8714,8745,31,0,0
149,MOVE,MTE1,54,8745,8799,8745,0,1,1
145,ALLOC,,0,8755,8755,8799,44,0,0
150,MATMUL,CUBE,128,8799,8927,8799,0,1,1
1219,FREE,,0,8927,8927,9562,635,0,0
1220,FREE,,0,8927,8927,8927,0,1,1
1722,SPILL_OUT,MTE3,406,8755,9161,9146,391,0,0
153,ALLOC,,0,9161,9161,9552,391,0,0
154,COPY,FIXP,41,9161,9202,9552,391,0,0
1218,FREE,,0,9202,9202,9593,391,0,0
159,ALLOC,,0,8927,8927,8927,0,1,1
161,MOVE,MTE1,54,8927,8981,8927,0,1,1
1146,FREE,,0,8981,8981,8981,0,1,1
156,ALLOC,,0,8981,8981,8981,0,1,1
157,COPY_IN,MTE2,581,8981,9562,8981,0,1,1
158,ALLOC,,0,8927,8927,9562,635,0,0
160,MOVE,MTE1,31,9562,9593,9562,0,1,1
155,ALLOC,,0,9202,9202,9593,391,0,0
162,MATMUL,CUBE,128,9593,9721,9593,0,1,1
1225,FREE,,0,9721,9721,10356,635,0,0
1226,FREE,,0,9721,9721,9721,0,1,1
166,ALLOC,,0,9721,9721,9721,0,1,1
168,MOVE,MTE1,54,9721,9775,9721,0,1,1
1150,FREE,,0,9775,9775,9775,0,1,1
163,ALLOC,,0,9775,9775,9775,0,1,1
164,COPY_IN,MTE2,581,9775,10356,9775,0,1,1
165,ALLOC,,0,9721,9721,10356,635,0,0
167,MOVE,MTE1,31,10356,10387,10356,0,1,1
169,MATMUL,CUBE,128,10387,10515,10387,0,1,1
1228,FREE,,0,10515,10515,11506,991,0,0
1229,FREE,,0,10515,10515,11181,666,0,0
1724,SPILL_OUT,MTE3,406,9202,9608,9648,446,0,0
170,ALLOC,,0,9608,9608,10515,907,0,0
172,COPY,FIXP,41,10515,10556,10515,0,1,1
1223,FREE,,0,10556,10556,11537,981,0,0
1726,SPILL_OUT,MTE3,406,9608,10014,10054,446,0,0
171,ALLOC,,0,10014,10014,10556,542,0,0
173,ROWMAX,VECTOR,310,10556,10866,10556,0,1,1
1728,SPILL_OUT,MTE3,406,10014,10420,10460,446,0,0
177,ALLOC,,0,10420,10420,10866,446,0,0
178,SUB,VECTOR,151,10866,11017,10866,0,1,1
1230,FREE,,0,11017,11017,11017,0,0,1
179,ALLOC,,0,11017,11017,11017,0,0,1
180,EXP,VECTOR,218,11017,11235,11017,0,1,1
1234,FREE,,0,11235,11235,11397,162,0,0
181,ALLOC,,0,11235,11235,11397,162,0,0
182,ROWSUM,VECTOR,342,11235,11577,11397,162,0,0
190,ALLOC,,0,10515,10515,11181,666,0,0
192,MOVE,MTE1,54,10515,10569,11181,666,0,0
1164,FREE,,0,10569,10569,11235,666,0,0
187,ALLOC,,0,10569,10569,11235,666,0,0
188,COPY,MTE3,271,11235,11506,11235,0,1,1
1235,FREE,,0,11577,11577,11739,162,0,0
189,ALLOC,,0,10515,10515,11506,991,0,0
191,MOVE,MTE1,31,11506,11537,11506,0,1,1
186,ALLOC,,0,10556,10556,11537,981,0,0
193,MATMUL,CUBE,128,11537,11665,11537,0,1,1
1241,FREE,,0,11665,11665,11665,0,1,1
1242,FREE,,0,11665,11665,11696,31,0,0
200,ALLOC,,0,11577,11577,11739,162,0,0
201,COPY,FIXP,41,11665,11706,11739,74,0,0
1239,FREE,,0,11706,11706,12058,352,0,0
195,ALLOC,,0,11665,11665,11665,0,1,1
197,MOVE,MTE1,31,11665,11696,11665,0,1,1
1240,FREE,,0,11696,11696,12331,635,0,0
196,ALLOC,,0,11665,11665,11696,31,0,0
198,MOVE,MTE1,54,11696,11750,11696,0,1,1
1168,FREE,,0,11750,11750,11750,0,1,1
194,ALLOC,,0,11706,11706,12058,352,0,0
199,MATMUL,CUBE,128,11750,11878,12058,308,0,0
1244,FREE,,0,11878,11878,12668,790,0,0
1245,FREE,,0,11878,11878,12699,821,0,0
1730,SPILL_OUT,MTE3,406,11706,12112,11780,74,0,0
202,ALLOC,,0,12112,12112,12186,74,0,0
203,COPY,FIXP,41,12112,12153,12186,74,0,0
1243,FREE,,0,12153,12153,12753,600,0,0
207,ALLOC,,0,11878,11878,12668,790,0,0
209,MOVE,MTE1,31,11878,11909,12668,790,0,0
205,ALLOC,,0,11750,11750,11750,0,1,1
206,COPY_IN,MTE2,581,11750,12331,11750,0,1,1
208,ALLOC,,0,11878,11878,12699,821,0,0
210,MOVE,MTE1,54,12331,12385,12699,368,0,0
204,ALLOC,,0,12153,12153,12753,600,0,0
211,MATMUL,CUBE,128,12385,12513,12753,368,0,0
1250,FREE,,0,12513,12513,12881,368,0,0
1251,FREE,,0,12513,12513,12912,399,0,0
214,ALLOC,,0,12513,12513,12881,368,0,0
216,MOVE,MTE1,31,12513,12544,12881,368,0,0
212,ALLOC,,0,11696,11696,12331,635,0,0
213,COPY_IN,MTE2,581,12331,12912,12331,0,1,1
215,ALLOC,,0,12513,12513,12912,399,0,0
217,MOVE,MTE1,54,12912,12966,12912,0,1,1
218,MATMUL,CUBE,128,12966,13094,12966,0,1,1
1253,FREE,,0,13094,13094,14085,991,0,0
1254,FREE,,0,13094,13094,14116,1022,0,0
1732,SPILL_OUT,MTE3,406,12153,12559,12227,74,0,0
219,ALLOC,,0,12559,12559,13094,535,0,0
221,COPY,FIXP,41,13094,13135,13094,0,1,1
1248,FREE,,0,13135,13135,14170,1035,0,0
1734,SPILL_OUT,MTE3,406,12559,12965,12633,74,0,0
220,ALLOC,,0,12965,12965,13135,170,0,0
222,ROWMAX,VECTOR,310,13135,13445,13135,0,1,1
1736,SPILL_OUT,MTE3,406,12965,13371,13039,74,0,0
226,ALLOC,,0,13371,13371,13445,74,0,0
227,SUB,VECTOR,151,13445,13596,13445,0,1,1
1255,FREE,,0,13596,13596,13596,0,0,1
228,ALLOC,,0,13596,13596,13596,0,0,1
229,EXP,VECTOR,218,13596,13814,13596,0,1,1
1259,FREE,,0,13814,13814,14344,530,0,0
230,ALLOC,,0,13814,13814,14344,530,0,0
231,ROWSUM,VECTOR,342,13814,14156,14344,530,0,0
252,ALLOC,,0,8745,8745,13814,5069,0,0
254,COPY,MTE3,271,13814,14085,13814,0,1,1
1260,FREE,,0,14156,14156,14923,767,0,0
256,ALLOC,,0,13094,13094,14085,991,0,0
258,MOVE,MTE1,31,14085,14116,14085,0,1,1
253,ALLOC,,0,0,0,13535,13535,0,0
255,COPY_IN,MTE2,581,12912,13493,13535,623,0,0
257,ALLOC,,0,13094,13094,14116,1022,0,0
259,MOVE,MTE1,54,14116,14170,14116,0,1,1
251,ALLOC,,0,13135,13135,14170,1035,0,0
260,MATMUL,CUBE,128,14170,14298,14170,0,1,1
1275,FREE,,0,14298,14298,14298,0,1,1
1276,FREE,,0,14298,14298,14910,612,0,0
269,ALLOC,,0,14156,14156,14923,767,0,0
271,COPY,FIXP,41,14298,14339,14923,625,0,0
1272,FREE,,0,14339,14339,14964,625,0,0
264,ALLOC,,0,14298,14298,14298,0,1,1
266,MOVE,MTE1,31,14298,14329,14298,0,1,1
1273,FREE,,0,14329,14329,14329,0,1,1
262,ALLOC,,0,14329,14329,14329,0,1,1
263,COPY_IN,MTE2,581,14329,14910,14329,0,1,1
265,ALLOC,,0,14298,14298,14910,612,0,0
267,MOVE,MTE1,54,14910,14964,14910,0,1,1
261,ALLOC,,0,14339,14339,14964,625,0,0
268,MATMUL,CUBE,128,14964,15092,14964,0,1,1
1279,FREE,,0,15092,15092,15574,482,0,0
1280,FREE,,0,15092,15092,15605,513,0,0
1738,SPILL_OUT,MTE3,406,14156,14562,14686,530,0,0
273,ALLOC,,0,14562,14562,15092,530,0,0
275,COPY,FIXP,41,15092,15133,15092,0,1,1
1277,FREE,,0,15133,15133,15659,526,0,0
286,ALLOC,,0,15092,15092,15574,482,0,0
288,MOVE,MTE1,31,15092,15123,15574,482,0,0
287,ALLOC,,0,15092,15092,15605,513,0,0
289,MOVE,MTE1,54,15123,15177,15605,482,0,0
285,ALLOC,,0,15133,15133,15659,526,0,0
290,MATMUL,CUBE,128,15177,15305,15659,482,0,0
1290,FREE,,0,15305,15305,15787,482,0,0
1291,FREE,,0,15305,15305,15818,513,0,0
291,ALLOC,,0,15305,15305,15787,482,0,0
293,MOVE,MTE1,31,15305,15336,15787,482,0,0
292,ALLOC,,0,15305,15305,15818,513,0,0
294,MOVE,MTE1,54,15336,15390,15818,482,0,0
295,MATMUL,CUBE,128,15390,15518,15872,482,0,0
1292,FREE,,0,15518,15518,17096,1578,0,0
1293,FREE,,0,15518,15518,17042,1524,0,0
1740,SPILL_OUT,MTE3,406,15133,15539,15133,0,1,1
296,ALLOC,,0,15539,15539,16000,461,0,0
298,COPY,FIXP,41,15539,15580,16000,461,0,0
1289,FREE,,0,15580,15580,17127,1547,0,0
1742,SPILL_OUT,MTE3,406,15539,15945,15539,0,1,1
297,ALLOC,,0,15945,15945,16041,96,0,0
299,ROWMAX,VECTOR,310,15945,16255,16041,96,0,0
1744,SPILL_OUT,MTE3,406,15945,16351,15945,0,1,1
303,ALLOC,,0,16351,16351,16351,0,1,1
304,SUB,VECTOR,151,16351,16502,16351,0,1,1
1294,FREE,,0,16502,16502,16502,0,0,1
305,ALLOC,,0,16502,16502,16502,0,0,1
306,EXP,VECTOR,218,16502,16720,16502,0,1,1
1298,FREE,,0,16720,16720,16720,0,0,1
307,ALLOC,,0,16720,16720,16720,0,0,1
308,ROWSUM,VECTOR,342,16720,17062,16720,0,1,1
332,ALLOC,,0,15518,15518,17042,1524,0,0
334,MOVE,MTE1,54,15518,15572,17042,1524,0,0
329,ALLOC,,0,0,0,16791,16791,0,0
330,COPY,MTE3,271,16720,16991,16791,71,0,0
1299,FREE,,0,17062,17062,17299,237,0,0
331,ALLOC,,0,15518,15518,17096,1578,0,0
333,MOVE,MTE1,31,16991,17022,17096,105,0,0
328,ALLOC,,0,15580,15580,17127,1547,0,0
335,MATMUL,CUBE,128,17022,17150,17127,105,0,0
1313,FREE,,0,17150,17150,17255,105,0,0
1314,FREE,,0,17150,17150,17286,136,0,0
342,ALLOC,,0,17062,17062,17299,237,0,0
344,COPY,FIXP,41,17150,17191,17299,149,0,0
1311,FREE,,0,17191,17191,17340,149,0,0
337,ALLOC,,0,17150,17150,17255,105,0,0
339,MOVE,MTE1,31,17150,17181,17255,105,0,0
1312,FREE,,0,17181,17181,19167,1986,0,0
338,ALLOC,,0,17150,17150,17286,136,0,0
340,MOVE,MTE1,54,17181,17235,17286,105,0,0
336,ALLOC,,0,17191,17191,17340,149,0,0
341,MATMUL,CUBE,128,17235,17363,17340,105,0,0
1316,FREE,,0,17363,17363,17950,587,0,0
1317,FREE,,0,17363,17363,17981,618,0,0
1746,SPILL_OUT,MTE3,406,17062,17468,17062,0,1,1
346,ALLOC,,0,17468,17468,17468,0,1,1
348,COPY,FIXP,41,17468,17509,17468,0,1,1
1315,FREE,,0,17509,17509,18035,526,0,0
359,ALLOC,,0,17363,17363,17950,587,0,0
361,MOVE,MTE1,31,17363,17394,17950,587,0,0
360,ALLOC,,0,17363,17363,17981,618,0,0
362,MOVE,MTE1,54,17394,17448,17981,587,0,0
358,ALLOC,,0,17509,17509,18035,526,0,0
363,MATMUL,CUBE,128,17509,17637,18035,526,0,0
1327,FREE,,0,17637,17637,18163,526,0,0
1328,FREE,,0,17637,17637,18194,557,0,0
364,ALLOC,,0,17637,17637,18163,526,0,0
366,MOVE,MTE1,31,17637,17668,18163,526,0,0
365,ALLOC,,0,17637,17637,18194,557,0,0
367,MOVE,MTE1,54,17668,17722,18194,526,0,0
368,MATMUL,CUBE,128,17722,17850,18248,526,0,0
1329,FREE,,0,17850,17850,19472,1622,0,0
1330,FREE,,0,17850,17850,19418,1568,0,0
1748,SPILL_OUT,MTE3,406,17509,17915,17509,0,1,1
369,ALLOC,,0,17915,17915,18376,461,0,0
371,COPY,FIXP,41,17915,17956,18376,461,0,0
1326,FREE,,0,17956,17956,19503,1547,0,0
1750,SPILL_OUT,MTE3,406,17915,18321,17915,0,1,1
370,ALLOC,,0,18321,18321,18417,96,0,0
372,ROWMAX,VECTOR,310,18321,18631,18417,96,0,0
1752,SPILL_OUT,MTE3,406,18321,18727,18321,0,1,1
376,ALLOC,,0,18727,18727,18727,0,1,1
377,SUB,VECTOR,151,18727,18878,18727,0,1,1
1331,FREE,,0,18878,18878,18878,0,0,1
378,ALLOC,,0,18878,18878,18878,0,0,1
379,EXP,VECTOR,218,18878,19096,18878,0,1,1
1335,FREE,,0,19096,19096,19096,0,0,1
380,ALLOC,,0,19096,19096,19096,0,0,1
381,ROWSUM,VECTOR,342,19096,19438,19096,0,1,1
405,ALLOC,,0,17850,17850,19418,1568,0,0
407,MOVE,MTE1,54,17850,17904,19418,1568,0,0
402,ALLOC,,0,17181,17181,19167,1986,0,0
403,COPY,MTE3,271,19096,19367,19167,71,0,0
1336,FREE,,0,19438,19438,19675,237,0,0
404,ALLOC,,0,17850,17850,19472,1622,0,0
406,MOVE,MTE1,31,19367,19398,19472,105,0,0
401,ALLOC,,0,17956,17956,19503,1547,0,0
408,MATMUL,CUBE,128,19398,19526,19503,105,0,0
1350,FREE,,0,19526,19526,19631,105,0,0
1351,FREE,,0,19526,19526,19662,136,0,0
415,ALLOC,,0,19438,19438,19675,237,0,0
417,COPY,FIXP,41,19526,19567,19675,149,0,0
1348,FREE,,0,19567,19567,19716,149,0,0
410,ALLOC,,0,19526,19526,19631,105,0,0
412,MOVE,MTE1,31,19526,19557,19631,105,0,0
1349,FREE,,0,19557,19557,26974,7417,0,0
411,ALLOC,,0,19526,19526,19662,136,0,0
413,MOVE,MTE1,54,19557,19611,19662,105,0,0
409,ALLOC,,0,19567,19567,19716,149,0,0
414,MATMUL,CUBE,128,19611,19739,19716,105,0,0
1353,FREE,,0,19739,19739,20326,587,0,0
1354,FREE,,0,19739,19739,20357,618,0,0
1754,SPILL_OUT,MTE3,406,19438,19844,19438,0,1,1
419,ALLOC,,0,19844,19844,19844,0,1,1
421,COPY,FIXP,41,19844,19885,19844,0,1,1
1352,FREE,,0,19885,19885,20411,526,0,0
432,ALLOC,,0,19739,19739,20326,587,0,0
434,MOVE,MTE1,31,19739,19770,20326,587,0,0
433,ALLOC,,0,19739,19739,20357,618,0,0
435,MOVE,MTE1,54,19770,19824,20357,587,0,0
1249,FREE,,0,19824,19824,21472,1648,0,0
431,ALLOC,,0,19885,19885,20411,526,0,0
436,MATMUL,CUBE,128,19885,20013,20411,526,0,0
1364,FREE,,0,20013,20013,20539,526,0,0
1365,FREE,,0,20013,20013,20570,557,0,0
437,ALLOC,,0,20013,20013,20539,526,0,0
439,MOVE,MTE1,31,20013,20044,20539,526,0,0
438,ALLOC,,0,20013,20013,20570,557,0,0
440,MOVE,MTE1,54,20044,20098,20570,526,0,0
1252,FREE,,0,20098,20098,22514,2416,0,0
441,MATMUL,CUBE,128,20098,20226,20624,526,0,0
1366,FREE,,0,20226,20226,21743,1517,0,0
1367,FREE,,0,20226,20226,21689,1463,0,0
1756,SPILL_OUT,MTE3,406,19885,20291,19885,0,1,1
442,ALLOC,,0,20291,20291,20752,461,0,0
444,COPY,FIXP,41,20291,20332,20752,461,0,0
1363,FREE,,0,20332,20332,21774,1442,0,0
1758,SPILL_OUT,MTE3,406,20291,20697,20291,0,1,1
443,ALLOC,,0,20697,20697,20793,96,0,0
445,ROWMAX,VECTOR,310,20697,21007,20793,96,0,0
1760,SPILL_OUT,MTE3,406,20697,21103,20697,0,1,1
449,ALLOC,,0,21103,21103,21103,0,1,1
450,SUB,VECTOR,151,21103,21254,21103,0,1,1
1368,FREE,,0,21254,21254,21254,0,0,1
451,ALLOC,,0,21254,21254,21254,0,0,1
452,EXP,VECTOR,218,21254,21472,21254,0,1,1
1372,FREE,,0,21472,21472,21621,149,0,0
453,ALLOC,,0,21472,21472,21621,149,0,0
454,ROWSUM,VECTOR,342,21472,21814,21621,149,0,0
478,ALLOC,,0,20226,20226,21689,1463,0,0
480,MOVE,MTE1,54,20226,20280,21689,1463,0,0
1274,FREE,,0,20280,20280,23718,3438,0,0
475,ALLOC,,0,19824,19824,21472,1648,0,0
476,COPY,MTE3,271,21472,21743,21472,0,1,1
1373,FREE,,0,21814,21814,22200,386,0,0
477,ALLOC,,0,20226,20226,21743,1517,0,0
479,MOVE,MTE1,31,21743,21774,21743,0,1,1
474,ALLOC,,0,20332,20332,21774,1442,0,0
481,MATMUL,CUBE,128,21774,21902,21774,0,1,1
1387,FREE,,0,21902,21902,21902,0,1,1
1388,FREE,,0,21902,21902,22187,285,0,0
488,ALLOC,,0,21814,21814,22200,386,0,0
490,COPY,FIXP,41,21902,21943,22200,298,0,0
1385,FREE,,0,21943,21943,22241,298,0,0
483,ALLOC,,0,21902,21902,21902,0,1,1
485,MOVE,MTE1,31,21902,21933,21902,0,1,1
1386,FREE,,0,21933,21933,21933,0,1,1
484,ALLOC,,0,21902,21902,22187,285,0,0
486,MOVE,MTE1,54,21933,21987,22187,254,0,0
1278,FREE,,0,21987,21987,23997,2010,0,0
482,ALLOC,,0,21943,21943,22241,298,0,0
487,MATMUL,CUBE,128,21987,22115,22241,254,0,0
1390,FREE,,0,22115,22115,22851,736,0,0
1391,FREE,,0,22115,22115,22882,767,0,0
1762,SPILL_OUT,MTE3,406,21814,22220,21963,149,0,0
492,ALLOC,,0,22220,22220,22369,149,0,0
494,COPY,FIXP,41,22220,22261,22369,149,0,0
1389,FREE,,0,22261,22261,22936,675,0,0
507,ALLOC,,0,22115,22115,22851,736,0,0
509,MOVE,MTE1,31,22115,22146,22851,736,0,0
505,ALLOC,,0,21933,21933,21933,0,1,1
506,COPY_IN,MTE2,581,21933,22514,21933,0,1,1
508,ALLOC,,0,22115,22115,22882,767,0,0
510,MOVE,MTE1,54,22514,22568,22882,368,0,0
504,ALLOC,,0,22261,22261,22936,675,0,0
511,MATMUL,CUBE,128,22568,22696,22936,368,0,0
1402,FREE,,0,22696,22696,23064,368,0,0
1403,FREE,,0,22696,22696,23095,399,0,0
514,ALLOC,,0,22696,22696,23064,368,0,0
516,MOVE,MTE1,31,22696,22727,23064,368,0,0
512,ALLOC,,0,20098,20098,22514,2416,0,0
513,COPY_IN,MTE2,581,22514,23095,22514,0,1,1
515,ALLOC,,0,22696,22696,23095,399,0,0
517,MOVE,MTE1,54,23095,23149,23095,0,1,1
518,MATMUL,CUBE,128,23149,23277,23149,0,1,1
1405,FREE,,0,23277,23277,24268,991,0,0
1406,FREE,,0,23277,23277,24299,1022,0,0
1764,SPILL_OUT,MTE3,406,22261,22667,22410,149,0,0
519,ALLOC,,0,22667,22667,23277,610,0,0
521,COPY,FIXP,41,23277,23318,23277,0,1,1
1400,FREE,,0,23318,23318,24353,1035,0,0
1766,SPILL_OUT,MTE3,406,22667,23073,22816,149,0,0
520,ALLOC,,0,23073,23073,23318,245,0,0
522,ROWMAX,VECTOR,310,23318,23628,23318,0,1,1
1768,SPILL_OUT,MTE3,406,23073,23479,23222,149,0,0
526,ALLOC,,0,23479,23479,23628,149,0,0
527,SUB,VECTOR,151,23628,23779,23628,0,1,1
1407,FREE,,0,23779,23779,23779,0,0,1
528,ALLOC,,0,23779,23779,23779,0,0,1
529,EXP,VECTOR,218,23779,23997,23779,0,1,1
1411,FREE,,0,23997,23997,24527,530,0,0
530,ALLOC,,0,23997,23997,24527,530,0,0
531,ROWSUM,VECTOR,342,23997,24339,24527,530,0,0
552,ALLOC,,0,21987,21987,23997,2010,0,0
554,COPY,MTE3,271,23997,24268,23997,0,1,1
1412,FREE,,0,24339,24339,25106,767,0,0
556,ALLOC,,0,23277,23277,24268,991,0,0
558,MOVE,MTE1,31,24268,24299,24268,0,1,1
553,ALLOC,,0,20280,20280,23718,3438,0,0
555,COPY_IN,MTE2,581,23095,23676,23718,623,0,0
557,ALLOC,,0,23277,23277,24299,1022,0,0
559,MOVE,MTE1,54,24299,24353,24299,0,1,1
551,ALLOC,,0,23318,23318,24353,1035,0,0
560,MATMUL,CUBE,128,24353,24481,24353,0,1,1
1427,FREE,,0,24481,24481,24481,0,1,1
1428,FREE,,0,24481,24481,25093,612,0,0
569,ALLOC,,0,24339,24339,25106,767,0,0
571,COPY,FIXP,41,24481,24522,25106,625,0,0
1424,FREE,,0,24522,24522,25147,625,0,0
564,ALLOC,,0,24481,24481,24481,0,1,1
566,MOVE,MTE1,31,24481,24512,24481,0,1,1
1425,FREE,,0,24512,24512,24512,0,1,1
562,ALLOC,,0,24512,24512,24512,0,1,1
563,COPY_IN,MTE2,581,24512,25093,24512,0,1,1
565,ALLOC,,0,24481,24481,25093,612,0,0
567,MOVE,MTE1,54,25093,25147,25093,0,1,1
561,ALLOC,,0,24522,24522,25147,625,0,0
568,MATMUL,CUBE,128,25147,25275,25147,0,1,1
1431,FREE,,0,25275,25275,25757,482,0,0
1432,FREE,,0,25275,25275,25788,513,0,0
1770,SPILL_OUT,MTE3,406,24339,24745,24869,530,0,0
573,ALLOC,,0,24745,24745,25275,530,0,0
575,COPY,FIXP,41,25275,25316,25275,0,1,1
1429,FREE,,0,25316,25316,25842,526,0,0
586,ALLOC,,0,25275,25275,25757,482,0,0
588,MOVE,MTE1,31,25275,25306,25757,482,0,0
587,ALLOC,,0,25275,25275,25788,513,0,0
589,MOVE,MTE1,54,25306,25360,25788,482,0,0
585,ALLOC,,0,25316,25316,25842,526,0,0
590,MATMUL,CUBE,128,25360,25488,25842,482,0,0
1442,FREE,,0,25488,25488,25970,482,0,0
1443,FREE,,0,25488,25488,26001,513,0,0
591,ALLOC,,0,25488,25488,25970,482,0,0
593,MOVE,MTE1,31,25488,25519,25970,482,0,0
592,ALLOC,,0,25488,25488,26001,513,0,0
594,MOVE,MTE1,54,25519,25573,26001,482,0,0
595,MATMUL,CUBE,128,25573,25701,26055,482,0,0
1444,FREE,,0,25701,25701,27279,1578,0,0
1445,FREE,,0,25701,25701,27225,1524,0,0
1772,SPILL_OUT,MTE3,406,25316,25722,25316,0,1,1
596,ALLOC,,0,25722,25722,26183,461,0,0
598,COPY,FIXP,41,25722,25763,26183,461,0,0
1441,FREE,,0,25763,25763,27310,1547,0,0
1774,SPILL_OUT,MTE3,406,25722,26128,25722,0,1,1
597,ALLOC,,0,26128,26128,26224,96,0,0
599,ROWMAX,VECTOR,310,26128,26438,26224,96,0,0
1776,SPILL_OUT,MTE3,406,26128,26534,26128,0,1,1
603,ALLOC,,0,26534,26534,26534,0,1,1
604,SUB,VECTOR,151,26534,26685,26534,0,1,1
1446,FREE,,0,26685,26685,26685,0,0,1
605,ALLOC,,0,26685,26685,26685,0,0,1
606,EXP,VECTOR,218,26685,26903,26685,0,1,1
1450,FREE,,0,26903,26903,26903,0,0,1
607,ALLOC,,0,26903,26903,26903,0,0,1
608,ROWSUM,VECTOR,342,26903,27245,26903,0,1,1
632,ALLOC,,0,25701,25701,27225,1524,0,0
634,MOVE,MTE1,54,25701,25755,27225,1524,0,0
629,ALLOC,,0,19557,19557,26974,7417,0,0
630,COPY,MTE3,271,26903,27174,26974,71,0,0
1451,FREE,,0,27245,27245,27482,237,0,0
631,ALLOC,,0,25701,25701,27279,1578,0,0
633,MOVE,MTE1,31,27174,27205,27279,105,0,0
628,ALLOC,,0,25763,25763,27310,1547,0,0
635,MATMUL,CUBE,128,27205,27333,27310,105,0,0
1465,FREE,,0,27333,27333,27438,105,0,0
1466,FREE,,0,27333,27333,27469,136,0,0
642,ALLOC,,0,27245,27245,27482,237,0,0
644,COPY,FIXP,41,27333,27374,27482,149,0,0
1463,FREE,,0,27374,27374,27523,149,0,0
637,ALLOC,,0,27333,27333,27438,105,0,0
639,MOVE,MTE1,31,27333,27364,27438,105,0,0
1464,FREE,,0,27364,27364,29350,1986,0,0
638,ALLOC,,0,27333,27333,27469,136,0,0
640,MOVE,MTE1,54,27364,27418,27469,105,0,0
636,ALLOC,,0,27374,27374,27523,149,0,0
641,MATMUL,CUBE,128,27418,27546,27523,105,0,0
1468,FREE,,0,27546,27546,28133,587,0,0
1469,FREE,,0,27546,27546,28164,618,0,0
1778,SPILL_OUT,MTE3,406,27245,27651,27245,0,1,1
646,ALLOC,,0,27651,27651,27651,0,1,1
648,COPY,FIXP,41,27651,27692,27651,0,1,1
1467,FREE,,0,27692,27692,28218,526,0,0
659,ALLOC,,0,27546,27546,28133,587,0,0
661,MOVE,MTE1,31,27546,27577,28133,587,0,0
660,ALLOC,,0,27546,27546,28164,618,0,0
662,MOVE,MTE1,54,27577,27631,28164,587,0,0
658,ALLOC,,0,27692,27692,28218,526,0,0
663,MATMUL,CUBE,128,27692,27820,28218,526,0,0
1479,FREE,,0,27820,27820,28346,526,0,0
1480,FREE,,0,27820,27820,28377,557,0,0
664,ALLOC,,0,27820,27820,28346,526,0,0
666,MOVE,MTE1,31,27820,27851,28346,526,0,0
665,ALLOC,,0,27820,27820,28377,557,0,0
667,MOVE,MTE1,54,27851,27905,28377,526,0,0
668,MATMUL,CUBE,128,27905,28033,28431,526,0,0
1481,FREE,,0,28033,28033,29655,1622,0,0
1482,FREE,,0,28033,28033,29601,1568,0,0
1780,SPILL_OUT,MTE3,406,27692,28098,27692,0,1,1
669,ALLOC,,0,28098,28098,28559,461,0,0
671,COPY,FIXP,41,28098,28139,28559,461,0,0
1478,FREE,,0,28139,28139,29686,1547,0,0
1782,SPILL_OUT,MTE3,406,28098,28504,28098,0,1,1
670,ALLOC,,0,28504,28504,28600,96,0,0
672,ROWMAX,VECTOR,310,28504,28814,28600,96,0,0
1784,SPILL_OUT,MTE3,406,28504,28910,28504,0,1,1
676,ALLOC,,0,28910,28910,28910,0,1,1
677,SUB,VECTOR,151,28910,29061,28910,0,1,1
1483,FREE,,0,29061,29061,29061,0,0,1
678,ALLOC,,0,29061,29061,29061,0,0,1
679,EXP,VECTOR,218,29061,29279,29061,0,1,1
1487,FREE,,0,29279,29279,29279,0,0,1
680,ALLOC,,0,29279,29279,29279,0,0,1
681,ROWSUM,VECTOR,342,29279,29621,29279,0,1,1
705,ALLOC,,0,28033,28033,29601,1568,0,0
707,MOVE,MTE1,54,28033,28087,29601,1568,0,0
702,ALLOC,,0,27364,27364,29350,1986,0,0
703,COPY,MTE3,271,29279,29550,29350,71,0,0
1488,FREE,,0,29621,29621,29858,237,0,0
704,ALLOC,,0,28033,28033,29655,1622,0,0
706,MOVE,MTE1,31,29550,29581,29655,105,0,0
701,ALLOC,,0,28139,28139,29686,1547,0,0
708,MATMUL,CUBE,128,29581,29709,29686,105,0,0
1502,FREE,,0,29709,29709,29814,105,0,0
1503,FREE,,0,29709,29709,29845,136,0,0
715,ALLOC,,0,29621,29621,29858,237,0,0
717,COPY,FIXP,41,29709,29750,29858,149,0,0
1500,FREE,,0,29750,29750,29899,149,0,0
710,ALLOC,,0,29709,29709,29814,105,0,0
712,MOVE,MTE1,31,29709,29740,29814,105,0,0
1501,FREE,,0,29740,29740,78098,48358,0,0
711,ALLOC,,0,29709,29709,29845,136,0,0
713,MOVE,MTE1,54,29740,29794,29845,105,0,0
709,ALLOC,,0,29750,29750,29899,149,0,0
714,MATMUL,CUBE,128,29794,29922,29899,105,0,0
1505,FREE,,0,29922,29922,30509,587,0,0
1506,FREE,,0,29922,29922,30540,618,0,0
1786,SPILL_OUT,MTE3,406,29621,30027,29621,0,1,1
719,ALLOC,,0,30027,30027,30027,0,1,1
721,COPY,FIXP,41,30027,30068,30027,0,1,1
1504,FREE,,0,30068,30068,30594,526,0,0
732,ALLOC,,0,29922,29922,30509,587,0,0
734,MOVE,MTE1,31,29922,29953,30509,587,0,0
733,ALLOC,,0,29922,29922,30540,618,0,0
735,MOVE,MTE1,54,29953,30007,30540,587,0,0
1401,FREE,,0,30007,30007,31716,1709,0,0
731,ALLOC,,0,30068,30068,30594,526,0,0
736,MATMUL,CUBE,128,30068,30196,30594,526,0,0
1516,FREE,,0,30196,30196,30722,526,0,0
1517,FREE,,0,30196,30196,30753,557,0,0
737,ALLOC,,0,30196,30196,30722,526,0,0
739,MOVE,MTE1,31,30196,30227,30722,526,0,0
738,ALLOC,,0,30196,30196,30753,557,0,0
740,MOVE,MTE1,54,30227,30281,30753,526,0,0
1404,FREE,,0,30281,30281,31809,1528,0,0
741,MATMUL,CUBE,128,30281,30409,30807,526,0,0
1518,FREE,,0,30409,30409,31987,1578,0,0
1519,FREE,,0,30409,30409,31933,1524,0,0
1788,SPILL_OUT,MTE3,406,30068,30474,30068,0,1,1
742,ALLOC,,0,30474,30474,30935,461,0,0
744,COPY,FIXP,41,30474,30515,30935,461,0,0
1515,FREE,,0,30515,30515,32018,1503,0,0
1790,SPILL_OUT,MTE3,406,30474,30880,30474,0,1,1
743,ALLOC,,0,30880,30880,30976,96,0,0
745,ROWMAX,VECTOR,310,30880,31190,30976,96,0,0
1792,SPILL_OUT,MTE3,406,30880,31286,30880,0,1,1
749,ALLOC,,0,31286,31286,31286,0,1,1
750,SUB,VECTOR,151,31286,31437,31286,0,1,1
1520,FREE,,0,31437,31437,31437,0,0,1
751,ALLOC,,0,31437,31437,31437,0,0,1
752,EXP,VECTOR,218,31437,31655,31437,0,1,1
1524,FREE,,0,31655,31655,31655,0,0,1
753,ALLOC,,0,31655,31655,31655,0,0,1
754,ROWSUM,VECTOR,342,31655,31997,31655,0,1,1
778,ALLOC,,0,30409,30409,31933,1524,0,0
780,MOVE,MTE1,54,30409,30463,31933,1524,0,0
1426,FREE,,0,30463,30463,78098,47635,0,0
775,ALLOC,,0,30007,30007,31716,1709,0,0
776,COPY,MTE3,271,31655,31926,31716,61,0,0
1525,FREE,,0,31997,31997,32190,193,0,0
777,ALLOC,,0,30409,30409,31987,1578,0,0
779,MOVE,MTE1,31,31926,31957,31987,61,0,0
774,ALLOC,,0,30515,30515,32018,1503,0,0
781,MATMUL,CUBE,128,31957,32085,32018,61,0,0
1539,FREE,,0,32085,32085,32146,61,0,0
1540,FREE,,0,32085,32085,32177,92,0,0
788,ALLOC,,0,31997,31997,32190,193,0,0
790,COPY,FIXP,41,32085,32126,32190,105,0,0
1537,FREE,,0,32126,32126,32231,105,0,0
783,ALLOC,,0,32085,32085,32146,61,0,0
785,MOVE,MTE1,31,32085,32116,32146,61,0,0
1538,FREE,,0,32116,32116,34086,1970,0,0
784,ALLOC,,0,32085,32085,32177,92,0,0
786,MOVE,MTE1,54,32116,32170,32177,61,0,0
1430,FREE,,0,32170,32170,78098,45928,0,0
782,ALLOC,,0,32126,32126,32231,105,0,0
787,MATMUL,CUBE,128,32170,32298,32231,61,0,0
1542,FREE,,0,32298,32298,32359,61,0,0
1543,FREE,,0,32298,32298,32390,92,0,0
1794,SPILL_OUT,MTE3,406,31997,32403,31997,0,1,1
792,ALLOC,,0,32403,32403,32403,0,1,1
794,COPY,FIXP,41,32403,32444,32403,0,1,1
1541,FREE,,0,32444,32444,32444,0,1,1
807,ALLOC,,0,32298,32298,32359,61,0,0
809,MOVE,MTE1,31,32298,32329,32359,61,0,0
1145,FREE,,0,32329,32329,33807,1478,0,0
805,ALLOC,,0,30281,30281,31809,1528,0,0
806,COPY_IN,MTE2,581,30281,30862,31809,1528,0,0
808,ALLOC,,0,32298,32298,32390,92,0,0
810,MOVE,MTE1,54,32329,32383,32390,61,0,0
804,ALLOC,,0,32444,32444,32444,0,1,1
811,MATMUL,CUBE,128,32444,32572,32444,0,1,1
1554,FREE,,0,32572,32572,32572,0,1,1
1555,FREE,,0,32572,32572,33184,612,0,0
814,ALLOC,,0,32572,32572,32572,0,1,1
816,MOVE,MTE1,31,32572,32603,32572,0,1,1
1149,FREE,,0,32603,32603,32603,0,1,1
812,ALLOC,,0,32603,32603,32603,0,1,1
813,COPY_IN,MTE2,581,32603,33184,32603,0,1,1
815,ALLOC,,0,32572,32572,33184,612,0,0
817,MOVE,MTE1,54,33184,33238,33184,0,1,1
818,MATMUL,CUBE,128,33238,33366,33238,0,1,1
1557,FREE,,0,33366,33366,34357,991,0,0
1558,FREE,,0,33366,33366,34388,1022,0,0
1796,SPILL_OUT,MTE3,406,32444,32850,32499,55,0,0
819,ALLOC,,0,32850,32850,33366,516,0,0
821,COPY,FIXP,41,33366,33407,33366,0,1,1
1552,FREE,,0,33407,33407,34442,1035,0,0
1798,SPILL_OUT,MTE3,406,32850,33256,32905,55,0,0
820,ALLOC,,0,33256,33256,33407,151,0,0
822,ROWMAX,VECTOR,310,33407,33717,33407,0,1,1
1800,SPILL_OUT,MTE3,406,33256,33662,33311,55,0,0
826,ALLOC,,0,33662,33662,33717,55,0,0
827,SUB,VECTOR,151,33717,33868,33717,0,1,1
1559,FREE,,0,33868,33868,33868,0,0,1
828,ALLOC,,0,33868,33868,33868,0,0,1
829,EXP,VECTOR,218,33868,34086,33868,0,1,1
1563,FREE,,0,34086,34086,34616,530,0,0
830,ALLOC,,0,34086,34086,34616,530,0,0
831,ROWSUM,VECTOR,342,34086,34428,34616,530,0,0
852,ALLOC,,0,32116,32116,34086,1970,0,0
854,COPY,MTE3,271,34086,34357,34086,0,1,1
1564,FREE,,0,34428,34428,35195,767,0,0
856,ALLOC,,0,33366,33366,34357,991,0,0
858,MOVE,MTE1,31,34357,34388,34357,0,1,1
853,ALLOC,,0,32329,32329,33807,1478,0,0
855,COPY_IN,MTE2,581,33184,33765,33807,623,0,0
857,ALLOC,,0,33366,33366,34388,1022,0,0
859,MOVE,MTE1,54,34388,34442,34388,0,1,1
851,ALLOC,,0,33407,33407,34442,1035,0,0
860,MATMUL,CUBE,128,34442,34570,34442,0,1,1
1579,FREE,,0,34570,34570,34570,0,1,1
1580,FREE,,0,34570,34570,35182,612,0,0
869,ALLOC,,0,34428,34428,35195,767,0,0
871,COPY,FIXP,41,34570,34611,35195,625,0,0
1576,FREE,,0,34611,34611,35236,625,0,0
864,ALLOC,,0,34570,34570,34570,0,1,1
866,MOVE,MTE1,31,34570,34601,34570,0,1,1
1577,FREE,,0,34601,34601,34601,0,1,1
862,ALLOC,,0,34601,34601,34601,0,1,1
863,COPY_IN,MTE2,581,34601,35182,34601,0,1,1
865,ALLOC,,0,34570,34570,35182,612,0,0
867,MOVE,MTE1,54,35182,35236,35182,0,1,1
861,ALLOC,,0,34611,34611,35236,625,0,0
868,MATMUL,CUBE,128,35236,35364,35236,0,1,1
1583,FREE,,0,35364,35364,35846,482,0,0
1584,FREE,,0,35364,35364,35877,513,0,0
1802,SPILL_OUT,MTE3,406,34428,34834,34958,530,0,0
873,ALLOC,,0,34834,34834,35364,530,0,0
875,COPY,FIXP,41,35364,35405,35364,0,1,1
1581,FREE,,0,35405,35405,35931,526,0,0
896,ALLOC,,0,35364,35364,35846,482,0,0
898,MOVE,MTE1,31,35364,35395,35846,482,0,0
1174,FREE,,0,35395,35395,37063,1668,0,0
897,ALLOC,,0,35364,35364,35877,513,0,0
899,MOVE,MTE1,54,35395,35449,35877,482,0,0
895,ALLOC,,0,35405,35405,35931,526,0,0
900,MATMUL,CUBE,128,35449,35577,35931,482,0,0
1597,FREE,,0,35577,35577,36059,482,0,0
1598,FREE,,0,35577,35577,36090,513,0,0
901,ALLOC,,0,35577,35577,36059,482,0,0
903,MOVE,MTE1,31,35577,35608,36059,482,0,0
1177,FREE,,0,35608,35608,78098,42490,0,0
902,ALLOC,,0,35577,35577,36090,513,0,0
904,MOVE,MTE1,54,35608,35662,36090,482,0,0
905,MATMUL,CUBE,128,35662,35790,36144,482,0,0
1599,FREE,,0,35790,35790,37368,1578,0,0
1600,FREE,,0,35790,35790,37314,1524,0,0
1804,SPILL_OUT,MTE3,406,35405,35811,35405,0,1,1
906,ALLOC,,0,35811,35811,36272,461,0,0
908,COPY,FIXP,41,35811,35852,36272,461,0,0
1596,FREE,,0,35852,35852,37399,1547,0,0
1806,SPILL_OUT,MTE3,406,35811,36217,35811,0,1,1
907,ALLOC,,0,36217,36217,36313,96,0,0
909,ROWMAX,VECTOR,310,36217,36527,36313,96,0,0
1808,SPILL_OUT,MTE3,406,36217,36623,36217,0,1,1
913,ALLOC,,0,36623,36623,36623,0,1,1
914,SUB,VECTOR,151,36623,36774,36623,0,1,1
1601,FREE,,0,36774,36774,36774,0,0,1
915,ALLOC,,0,36774,36774,36774,0,0,1
916,EXP,VECTOR,218,36774,36992,36774,0,1,1
1605,FREE,,0,36992,36992,36992,0,0,1
917,ALLOC,,0,36992,36992,36992,0,0,1
918,ROWSUM,VECTOR,342,36992,37334,36992,0,1,1
942,ALLOC,,0,35790,35790,37314,1524,0,0
944,MOVE,MTE1,54,35790,35844,37314,1524,0,0
939,ALLOC,,0,35395,35395,37063,1668,0,0
940,COPY,MTE3,271,36992,37263,37063,71,0,0
1606,FREE,,0,37334,37334,37571,237,0,0
941,ALLOC,,0,35790,35790,37368,1578,0,0
943,MOVE,MTE1,31,37263,37294,37368,105,0,0
938,ALLOC,,0,35852,35852,37399,1547,0,0
945,MATMUL,CUBE,128,37294,37422,37399,105,0,0
1620,FREE,,0,37422,37422,37527,105,0,0
1621,FREE,,0,37422,37422,37558,136,0,0
952,ALLOC,,0,37334,37334,37571,237,0,0
954,COPY,FIXP,41,37422,37463,37571,149,0,0
1618,FREE,,0,37463,37463,37612,149,0,0
947,ALLOC,,0,37422,37422,37527,105,0,0
949,MOVE,MTE1,31,37422,37453,37527,105,0,0
1619,FREE,,0,37453,37453,39439,1986,0,0
948,ALLOC,,0,37422,37422,37558,136,0,0
950,MOVE,MTE1,54,37453,37507,37558,105,0,0
946,ALLOC,,0,37463,37463,37612,149,0,0
951,MATMUL,CUBE,128,37507,37635,37612,105,0,0
1623,FREE,,0,37635,37635,38222,587,0,0
1624,FREE,,0,37635,37635,38253,618,0,0
1810,SPILL_OUT,MTE3,406,37334,37740,37334,0,1,1
956,ALLOC,,0,37740,37740,37740,0,1,1
958,COPY,FIXP,41,37740,37781,37740,0,1,1
1622,FREE,,0,37781,37781,38307,526,0,0
979,ALLOC,,0,37635,37635,38222,587,0,0
981,MOVE,MTE1,31,37635,37666,38222,587,0,0
1199,FREE,,0,37666,37666,78098,40432,0,0
980,ALLOC,,0,37635,37635,38253,618,0,0
982,MOVE,MTE1,54,37666,37720,38253,587,0,0
978,ALLOC,,0,37781,37781,38307,526,0,0
983,MATMUL,CUBE,128,37781,37909,38307,526,0,0
1637,FREE,,0,37909,37909,38435,526,0,0
1638,FREE,,0,37909,37909,38466,557,0,0
984,ALLOC,,0,37909,37909,38435,526,0,0
986,MOVE,MTE1,31,37909,37940,38435,526,0,0
1202,FREE,,0,37940,37940,78098,40158,0,0
985,ALLOC,,0,37909,37909,38466,557,0,0
987,MOVE,MTE1,54,37940,37994,38466,526,0,0
988,MATMUL,CUBE,128,37994,38122,38520,526,0,0
1639,FREE,,0,38122,38122,39744,1622,0,0
1640,FREE,,0,38122,38122,39690,1568,0,0
1812,SPILL_OUT,MTE3,406,37781,38187,37781,0,1,1
989,ALLOC,,0,38187,38187,38648,461,0,0
991,COPY,FIXP,41,38187,38228,38648,461,0,0
1636,FREE,,0,38228,38228,39775,1547,0,0
1814,SPILL_OUT,MTE3,406,38187,38593,38187,0,1,1
990,ALLOC,,0,38593,38593,38689,96,0,0
992,ROWMAX,VECTOR,310,38593,38903,38689,96,0,0
1816,SPILL_OUT,MTE3,406,38593,38999,38593,0,1,1
996,ALLOC,,0,38999,38999,38999,0,1,1
997,SUB,VECTOR,151,38999,39150,38999,0,1,1
1641,FREE,,0,39150,39150,39150,0,0,1
998,ALLOC,,0,39150,39150,39150,0,0,1
999,EXP,VECTOR,218,39150,39368,39150,0,1,1
1645,FREE,,0,39368,39368,39368,0,0,1
1000,ALLOC,,0,39368,39368,39368,0,0,1
1001,ROWSUM,VECTOR,342,39368,39710,39368,0,1,1
1025,ALLOC,,0,38122,38122,39690,1568,0,0
1027,MOVE,MTE1,54,38122,38176,39690,1568,0,0
1022,ALLOC,,0,37453,37453,39439,1986,0,0
1023,COPY,MTE3,271,39368,39639,39439,71,0,0
1646,FREE,,0,39710,39710,39947,237,0,0
1024,ALLOC,,0,38122,38122,39744,1622,0,0
1026,MOVE,MTE1,31,39639,39670,39744,105,0,0
1021,ALLOC,,0,38228,38228,39775,1547,0,0
1028,MATMUL,CUBE,128,39670,39798,39775,105,0,0
1660,FREE,,0,39798,39798,39903,105,0,0
1661,FREE,,0,39798,39798,39934,136,0,0
1035,ALLOC,,0,39710,39710,39947,237,0,0
1037,COPY,FIXP,41,39798,39839,39947,149,0,0
1658,FREE,,0,39839,39839,39988,149,0,0
1030,ALLOC,,0,39798,39798,39903,105,0,0
1032,MOVE,MTE1,31,39798,39829,39903,105,0,0
1659,FREE,,0,39829,39829,78098,38269,0,0
1031,ALLOC,,0,39798,39798,39934,136,0,0
1033,MOVE,MTE1,54,39829,39883,39934,105,0,0
1029,ALLOC,,0,39839,39839,39988,149,0,0
1034,MATMUL,CUBE,128,39883,40011,39988,105,0,0
1663,FREE,,0,40011,40011,40598,587,0,0
1664,FREE,,0,40011,40011,40629,618,0,0
1818,SPILL_OUT,MTE3,406,39710,40116,39710,0,1,1
1039,ALLOC,,0,40116,40116,40116,0,1,1
1041,COPY,FIXP,41,40116,40157,40116,0,1,1
1662,FREE,,0,40157,40157,40683,526,0,0
1062,ALLOC,,0,40011,40011,40598,587,0,0
1064,MOVE,MTE1,31,40011,40042,40598,587,0,0
1224,FREE,,0,40042,40042,78098,38056,0,0
1063,ALLOC,,0,40011,40011,40629,618,0,0
1065,MOVE,MTE1,54,40042,40096,40629,587,0,0
1553,FREE,,0,40096,40096,78098,38002,0,0
1061,ALLOC,,0,40157,40157,40683,526,0,0
1066,MATMUL,CUBE,128,40157,40285,40683,526,0,0
1677,FREE,,0,40285,40285,40811,526,0,0
1678,FREE,,0,40285,40285,40842,557,0,0
1067,ALLOC,,0,40285,40285,40811,526,0,0
1069,MOVE,MTE1,31,40285,40316,40811,526,0,0
1227,FREE,,0,40316,40316,78098,37782,0,0
1068,ALLOC,,0,40285,40285,40842,557,0,0
1070,MOVE,MTE1,54,40316,40370,40842,526,0,0
1556,FREE,,0,40370,40370,78098,37728,0,0
1071,MATMUL,CUBE,128,40370,40498,40896,526,0,0
1679,FREE,,0,40498,40498,42120,1622,0,0
1680,FREE,,0,40498,40498,41761,1263,0,0
1820,SPILL_OUT,MTE3,406,40157,40563,40157,0,1,1
1072,ALLOC,,0,40563,40563,41024,461,0,0
1074,COPY,FIXP,41,40563,40604,41024,461,0,0
1676,FREE,,0,40604,40604,42151,1547,0,0
1822,SPILL_OUT,MTE3,406,40563,40969,40563,0,1,1
1073,ALLOC,,0,40969,40969,41065,96,0,0
1075,ROWMAX,VECTOR,310,40969,41279,41065,96,0,0
1824,SPILL_OUT,MTE3,406,40969,41375,40969,0,1,1
1079,ALLOC,,0,41375,41375,41375,0,1,1
1080,SUB,VECTOR,151,41375,41526,41375,0,1,1
1681,FREE,,0,41526,41526,41526,0,0,1
1081,ALLOC,,0,41526,41526,41526,0,0,1
1082,EXP,VECTOR,218,41526,41744,41526,0,1,1
1685,FREE,,0,41744,41744,41744,0,0,1
1083,ALLOC,,0,41744,41744,41744,0,0,1
1084,ROWSUM,VECTOR,342,41744,42086,41744,0,1,1
1108,ALLOC,,0,40498,40498,41761,1263,0,0
1110,MOVE,MTE1,54,40498,40552,41761,1263,0,0
1578,FREE,,0,40552,40552,41815,1263,0,0
1105,ALLOC,,0,40552,40552,41815,1263,0,0
1106,COPY,MTE3,271,41744,42015,41815,71,0,0
1686,FREE,,0,42086,42086,42323,237,0,0
1107,ALLOC,,0,40498,40498,42120,1622,0,0
1109,MOVE,MTE1,31,42015,42046,42120,105,0,0
1104,ALLOC,,0,40604,40604,42151,1547,0,0
1111,MATMUL,CUBE,128,42046,42174,42151,105,0,0
1700,FREE,,0,42174,42174,42279,105,0,0
1701,FREE,,0,42174,42174,42310,136,0,0
1118,ALLOC,,0,42086,42086,42323,237,0,0
1120,COPY,FIXP,41,42174,42215,42323,149,0,0
1698,FREE,,0,42215,42215,42364,149,0,0
1113,ALLOC,,0,42174,42174,42279,105,0,0
1115,MOVE,MTE1,31,42174,42205,42279,105,0,0
1699,FREE,,0,42205,42205,78098,35893,0,0
1114,ALLOC,,0,42174,42174,42310,136,0,0
1116,MOVE,MTE1,54,42205,42259,42310,105,0,0
1582,FREE,,0,42259,42259,78098,35839,0,0
1112,ALLOC,,0,42215,42215,42364,149,0,0
1117,MATMUL,CUBE,128,42259,42387,42364,105,0,0
1703,FREE,,0,42387,42387,78098,35711,0,0
1704,FREE,,0,42387,42387,78098,35711,0,0
1826,SPILL_OUT,MTE3,406,42086,42492,42086,0,1,1
1122,ALLOC,,0,42492,42492,42492,0,1,1
1124,COPY,FIXP,41,42492,42533,42492,0,1,1
1702,FREE,,0,42533,42533,78098,35565,0,0
1828,SPILL_OUT,MTE3,406,42533,42939,42533,0,1,1
23,ALLOC,,0,42939,42939,42939,0,1,1
24,ALLOC,,0,42939,42939,42939,0,0,1
25,COMPACT,VECTOR,113,42939,43052,42939,0,1,1
1156,FREE,,0,43052,43052,43052,0,0,1
1154,FREE,,0,43052,43052,43098,46,0,0
32,ALLOC,,0,43052,43052,43052,0,0,1
33,ALLOC,,0,43052,43052,43052,0,0,1
34,COMPACT,VECTOR,113,43052,43165,43052,0,1,1
1159,FREE,,0,43165,43165,45061,1896,0,0
1161,FREE,,0,43165,43165,43165,0,0,1
76,ALLOC,,0,43165,43165,43165,0,0,1
77,ALLOC,,0,43165,43165,43165,0,0,1
78,COMPACT,VECTOR,113,43165,43278,43165,0,1,1
1183,FREE,,0,43278,43278,43278,0,0,1
1181,FREE,,0,43278,43278,45873,2595,0,0
85,ALLOC,,0,43278,43278,43278,0,0,1
86,ALLOC,,0,43278,43278,43278,0,0,1
87,COMPACT,VECTOR,113,43278,43391,43278,0,1,1
1186,FREE,,0,43391,43391,46760,3369,0,0
1188,FREE,,0,43391,43391,43391,0,0,1
125,ALLOC,,0,43391,43391,43391,0,0,1
126,ALLOC,,0,43391,43391,43391,0,0,1
127,COMPACT,VECTOR,113,43391,43504,43391,0,1,1
1208,FREE,,0,43504,43504,43504,0,0,1
1206,FREE,,0,43504,43504,45467,1963,0,0
134,ALLOC,,0,43504,43504,43504,0,0,1
135,ALLOC,,0,43504,43504,43504,0,0,1
1729,SPILL_IN,MTE2,406,43052,43458,43098,46,0,0
136,COMPACT,VECTOR,113,43504,43617,43504,0,1,1
1211,FREE,,0,43617,43617,43617,0,1,1
1213,FREE,,0,43617,43617,44023,406,0,0
174,ALLOC,,0,43617,43617,44023,406,0,0
175,ALLOC,,0,43617,43617,44023,406,0,0
1737,SPILL_IN,MTE2,406,43617,44023,43617,0,1,1
176,COMPACT,VECTOR,113,44023,44136,44023,0,1,1
1233,FREE,,0,44136,44136,44542,406,0,0
1231,FREE,,0,44136,44136,44136,0,1,1
183,ALLOC,,0,44136,44136,44542,406,0,0
184,ALLOC,,0,44136,44136,44542,406,0,0
1735,SPILL_IN,MTE2,406,44136,44542,44136,0,1,1
185,COMPACT,VECTOR,113,44542,44655,44542,0,1,1
1236,FREE,,0,44655,44655,44655,0,1,1
1238,FREE,,0,44655,44655,45932,1277,0,0
223,ALLOC,,0,44655,44655,45932,1277,0,0
224,ALLOC,,0,44655,44655,45932,1277,0,0
1745,SPILL_IN,MTE2,406,44655,45061,44655,0,1,1
225,COMPACT,VECTOR,113,45061,45174,45932,871,0,0
1258,FREE,,0,45174,45174,46045,871,0,0
1256,FREE,,0,45174,45174,46203,1029,0,0
235,ALLOC,,0,45174,45174,46045,871,0,0
236,MAX,VECTOR,23,45174,45197,46045,871,0,0
237,ALLOC,,0,45174,45174,46068,894,0,0
238,SUB,VECTOR,24,45197,45221,46068,871,0,0
1155,FREE,,0,45221,45221,49865,4644,0,0
239,ALLOC,,0,45174,45174,46092,918,0,0
240,EXP,VECTOR,31,45221,45252,46092,871,0,0
1265,FREE,,0,45252,45252,46123,871,0,0
241,ALLOC,,0,45252,45252,46123,871,0,0
242,SUB,VECTOR,24,45252,45276,46123,871,0,0
1257,FREE,,0,45276,45276,46147,871,0,0
243,ALLOC,,0,45276,45276,46147,871,0,0
244,EXP,VECTOR,31,45276,45307,46147,871,0,0
1267,FREE,,0,45307,45307,46178,871,0,0
247,ALLOC,,0,45307,45307,46178,871,0,0
248,MUL,VECTOR,25,45307,45332,46178,871,0,0
1160,FREE,,0,45332,45332,50372,5040,0,0
277,ALLOC,,0,45174,45174,46203,1029,0,0
1727,SPILL_IN,MTE2,406,45061,45467,45061,0,1,1
278,MUL,VECTOR,38,45467,45505,46203,736,0,0
1171,FREE,,0,45505,45505,46241,736,0,0
279,ALLOC,,0,45505,45505,46241,736,0,0
1721,SPILL_IN,MTE2,406,45467,45873,45467,0,1,1
280,MUL,VECTOR,38,45873,45911,46241,368,0,0
1172,FREE,,0,45911,45911,46279,368,0,0
1266,FREE,,0,45911,45911,47166,1255,0,0
270,ALLOC,,0,45911,45911,46279,368,0,0
1743,SPILL_IN,MTE2,406,45873,46279,45873,0,1,1
272,MUL,VECTOR,38,46279,46317,46279,0,1,1
1281,FREE,,0,46317,46317,46317,0,0,1
281,ALLOC,,0,46317,46317,46317,0,0,1
282,ADD,VECTOR,37,46317,46354,46317,0,1,1
1282,FREE,,0,46354,46354,46354,0,1,1
1285,FREE,,0,46354,46354,47091,737,0,0
274,ALLOC,,0,46354,46354,47091,737,0,0
1741,SPILL_IN,MTE2,406,46354,46760,46354,0,1,1
276,MUL,VECTOR,38,46760,46798,47091,331,0,0
1283,FREE,,0,46798,46798,47129,331,0,0
283,ALLOC,,0,46798,46798,47129,331,0,0
284,ADD,VECTOR,37,46798,46835,47129,331,0,0
1284,FREE,,0,46835,46835,47685,850,0,0
1286,FREE,,0,46835,46835,48091,1256,0,0
232,ALLOC,,0,45911,45911,47166,1255,0,0
233,ALLOC,,0,45174,45174,47166,1992,0,0
1739,SPILL_IN,MTE2,406,46760,47166,46760,0,1,1
234,COMPACT,VECTOR,113,47166,47279,47166,0,1,1
1261,FREE,,0,47279,47279,47279,0,1,1
1263,FREE,,0,47279,47279,48507,1228,0,0
245,ALLOC,,0,47279,47279,48507,1228,0,0
246,MUL,VECTOR,25,47279,47304,48507,1228,0,0
1262,FREE,,0,47304,47304,48556,1252,0,0
1268,FREE,,0,47304,47304,48532,1228,0,0
249,ALLOC,,0,47304,47304,48532,1228,0,0
250,ADD,VECTOR,24,47304,47328,48532,1228,0,0
1269,FREE,,0,47328,47328,48556,1228,0,0
1270,FREE,,0,47328,47328,48556,1228,0,0
300,ALLOC,,0,47328,47328,48556,1228,0,0
301,ALLOC,,0,47328,47328,48556,1228,0,0
1753,SPILL_IN,MTE2,406,47279,47685,47279,0,1,1
302,COMPACT,VECTOR,113,47685,47798,48556,871,0,0
1297,FREE,,0,47798,47798,48669,871,0,0
1295,FREE,,0,47798,47798,48827,1029,0,0
312,ALLOC,,0,47798,47798,48669,871,0,0
313,MAX,VECTOR,23,47798,47821,48669,871,0,0
314,ALLOC,,0,47798,47798,48692,894,0,0
315,SUB,VECTOR,24,47821,47845,48692,871,0,0
1182,FREE,,0,47845,47845,50557,2712,0,0
316,ALLOC,,0,47798,47798,48716,918,0,0
317,EXP,VECTOR,31,47845,47876,48716,871,0,0
1304,FREE,,0,47876,47876,48747,871,0,0
318,ALLOC,,0,47876,47876,48747,871,0,0
319,SUB,VECTOR,24,47876,47900,48747,871,0,0
1296,FREE,,0,47900,47900,48771,871,0,0
320,ALLOC,,0,47900,47900,48771,871,0,0
321,EXP,VECTOR,31,47900,47931,48771,871,0,0
1306,FREE,,0,47931,47931,48802,871,0,0
324,ALLOC,,0,47931,47931,48802,871,0,0
325,MUL,VECTOR,25,47931,47956,48802,871,0,0
1187,FREE,,0,47956,47956,50581,2625,0,0
350,ALLOC,,0,47798,47798,48827,1029,0,0
1719,SPILL_IN,MTE2,406,47685,48091,47685,0,1,1
351,MUL,VECTOR,38,48091,48129,48827,736,0,0
1196,FREE,,0,48129,48129,48865,736,0,0
352,ALLOC,,0,48129,48129,48865,736,0,0
1717,SPILL_IN,MTE2,406,48091,48497,48091,0,1,1
353,MUL,VECTOR,38,48497,48535,48865,368,0,0
1197,FREE,,0,48535,48535,48903,368,0,0
1305,FREE,,0,48535,48535,49865,1330,0,0
343,ALLOC,,0,48535,48535,48903,368,0,0
1830,SPILL_OUT,MTE3,406,42939,43345,48091,5152,0,0
1751,SPILL_IN,MTE2,406,48497,48903,48497,0,1,1
345,MUL,VECTOR,38,48903,48941,48903,0,1,1
1318,FREE,,0,48941,48941,48941,0,0,1
354,ALLOC,,0,48941,48941,48941,0,0,1
355,ADD,VECTOR,37,48941,48978,48941,0,1,1
1319,FREE,,0,48978,48978,49384,406,0,0
1322,FREE,,0,48978,48978,48978,0,1,1
347,ALLOC,,0,48978,48978,49384,406,0,0
1749,SPILL_IN,MTE2,406,48978,49384,48978,0,1,1
349,MUL,VECTOR,38,49384,49422,49384,0,1,1
1320,FREE,,0,49422,49422,49422,0,0,1
356,ALLOC,,0,49422,49422,49422,0,0,1
357,ADD,VECTOR,37,49422,49459,49422,0,1,1
1321,FREE,,0,49459,49459,50384,925,0,0
1323,FREE,,0,49459,49459,49459,0,1,1
309,ALLOC,,0,45221,45221,49865,4644,0,0
310,ALLOC,,0,48535,48535,49865,1330,0,0
1747,SPILL_IN,MTE2,406,49459,49865,49459,0,1,1
311,COMPACT,VECTOR,113,49865,49978,49865,0,1,1
1300,FREE,,0,49978,49978,49978,0,1,1
1302,FREE,,0,49978,49978,50421,443,0,0
322,ALLOC,,0,45332,45332,50372,5040,0,0
323,MUL,VECTOR,25,49978,50003,50372,394,0,0
1301,FREE,,0,50003,50003,50397,394,0,0
1307,FREE,,0,50003,50003,50421,418,0,0
326,ALLOC,,0,50003,50003,50397,394,0,0
327,ADD,VECTOR,24,50003,50027,50397,394,0,0
1308,FREE,,0,50027,50027,50534,507,0,0
1309,FREE,,0,50027,50027,50421,394,0,0
373,ALLOC,,0,50003,50003,50421,418,0,0
374,ALLOC,,0,50027,50027,50421,394,0,0
1761,SPILL_IN,MTE2,406,49978,50384,49978,0,1,1
375,COMPACT,VECTOR,113,50384,50497,50421,37,0,0
1334,FREE,,0,50497,50497,52564,2067,0,0
1332,FREE,,0,50497,50497,51526,1029,0,0
385,ALLOC,,0,50027,50027,50534,507,0,0
386,MAX,VECTOR,23,50497,50520,50534,37,0,0
387,ALLOC,,0,47845,47845,50557,2712,0,0
388,SUB,VECTOR,24,50520,50544,50557,37,0,0
1207,FREE,,0,50544,50544,51470,926,0,0
389,ALLOC,,0,47956,47956,50581,2625,0,0
390,EXP,VECTOR,31,50544,50575,50581,37,0,0
1341,FREE,,0,50575,50575,50612,37,0,0
391,ALLOC,,0,50575,50575,50612,37,0,0
392,SUB,VECTOR,24,50575,50599,50612,37,0,0
1333,FREE,,0,50599,50599,53083,2484,0,0
393,ALLOC,,0,50544,50544,51470,926,0,0
394,EXP,VECTOR,31,50599,50630,51470,871,0,0
1343,FREE,,0,50630,50630,51501,871,0,0
397,ALLOC,,0,50630,50630,51501,871,0,0
398,MUL,VECTOR,25,50630,50655,51501,871,0,0
1212,FREE,,0,50655,50655,57828,7173,0,0
423,ALLOC,,0,50497,50497,51526,1029,0,0
1723,SPILL_IN,MTE2,406,50384,50790,50384,0,1,1
424,MUL,VECTOR,38,50790,50828,51526,736,0,0
1221,FREE,,0,50828,50828,51564,736,0,0
425,ALLOC,,0,50828,50828,51564,736,0,0
1832,SPILL_OUT,MTE3,406,43345,43751,50230,6885,0,0
1725,SPILL_IN,MTE2,406,50790,51196,50790,0,1,1
426,MUL,VECTOR,38,51196,51234,51564,368,0,0
1222,FREE,,0,51234,51234,51602,368,0,0
1342,FREE,,0,51234,51234,53034,1800,0,0
416,ALLOC,,0,51234,51234,51602,368,0,0
1834,SPILL_OUT,MTE3,154,50599,50753,50636,37,0,0
1836,SPILL_OUT,MTE3,406,50753,51159,50790,37,0,0
1759,SPILL_IN,MTE2,406,51196,51602,51196,0,1,1
418,MUL,VECTOR,38,51602,51640,51602,0,1,1
1355,FREE,,0,51640,51640,51640,0,0,1
427,ALLOC,,0,51640,51640,51640,0,0,1
428,ADD,VECTOR,37,51640,51677,51640,0,1,1
1356,FREE,,0,51677,51677,52083,406,0,0
1359,FREE,,0,51677,51677,51677,0,1,1
420,ALLOC,,0,51677,51677,52083,406,0,0
1757,SPILL_IN,MTE2,406,51677,52083,51677,0,1,1
422,MUL,VECTOR,38,52083,52121,52083,0,1,1
1357,FREE,,0,52121,52121,52121,0,0,1
429,ALLOC,,0,52121,52121,52121,0,0,1
430,ADD,VECTOR,37,52121,52158,52121,0,1,1
1358,FREE,,0,52158,52158,52158,0,1,1
1360,FREE,,0,52158,52158,53452,1294,0,0
382,ALLOC,,0,50753,50753,52564,1811,0,0
383,ALLOC,,0,50497,50497,52564,2067,0,0
1755,SPILL_IN,MTE2,406,52158,52564,52158,0,1,1
384,COMPACT,VECTOR,113,52564,52677,52564,0,1,1
1337,FREE,,0,52677,52677,52677,0,1,1
1339,FREE,,0,52677,52677,53083,406,0,0
395,ALLOC,,0,51234,51234,53034,1800,0,0
396,MUL,VECTOR,25,52677,52702,53034,357,0,0
1338,FREE,,0,52702,52702,53059,357,0,0
1344,FREE,,0,52702,52702,53243,541,0,0
399,ALLOC,,0,52702,52702,53059,357,0,0
400,ADD,VECTOR,24,52702,52726,53059,357,0,0
1345,FREE,,0,52726,52726,53219,493,0,0
1346,FREE,,0,52726,52726,53196,470,0,0
446,ALLOC,,0,50599,50599,53083,2484,0,0
447,ALLOC,,0,52677,52677,53083,406,0,0
1769,SPILL_IN,MTE2,406,52677,53083,52677,0,1,1
448,COMPACT,VECTOR,113,53083,53196,53083,0,1,1
1371,FREE,,0,53196,53196,55632,2436,0,0
1369,FREE,,0,53196,53196,54594,1398,0,0
458,ALLOC,,0,52726,52726,53196,470,0,0
459,MAX,VECTOR,23,53196,53219,53196,0,1,1
460,ALLOC,,0,52726,52726,53219,493,0,0
461,SUB,VECTOR,24,53219,53243,53219,0,1,1
1232,FREE,,0,53243,53243,58298,5055,0,0
462,ALLOC,,0,52702,52702,53243,541,0,0
463,EXP,VECTOR,31,53243,53274,53243,0,1,1
1378,FREE,,0,53274,53274,53274,0,0,1
464,ALLOC,,0,53274,53274,53274,0,0,1
465,SUB,VECTOR,24,53274,53298,53274,0,1,1
1370,FREE,,0,53298,53298,54538,1240,0,0
466,ALLOC,,0,53298,53298,54538,1240,0,0
467,EXP,VECTOR,31,53298,53329,54538,1240,0,0
1380,FREE,,0,53329,53329,54569,1240,0,0
470,ALLOC,,0,53329,53329,54569,1240,0,0
471,MUL,VECTOR,25,53329,53354,54569,1240,0,0
1237,FREE,,0,53354,53354,58483,5129,0,0
496,ALLOC,,0,53196,53196,54594,1398,0,0
1731,SPILL_IN,MTE2,406,53083,53489,53452,369,0,0
497,MUL,VECTOR,38,53489,53527,54594,1105,0,0
1246,FREE,,0,53527,53527,54632,1105,0,0
498,ALLOC,,0,53527,53527,54632,1105,0,0
1838,SPILL_OUT,MTE3,154,53298,53452,53298,0,1,1
1840,SPILL_OUT,MTE3,406,53452,53858,53452,0,1,1
1733,SPILL_IN,MTE2,406,53858,54264,53858,0,1,1
499,MUL,VECTOR,38,54264,54302,54632,368,0,0
1247,FREE,,0,54302,54302,54670,368,0,0
1379,FREE,,0,54302,54302,56102,1800,0,0
489,ALLOC,,0,54302,54302,54670,368,0,0
1842,SPILL_OUT,MTE3,406,53858,54264,53858,0,0,1
1767,SPILL_IN,MTE2,406,54264,54670,54264,0,1,1
491,MUL,VECTOR,38,54670,54708,54670,0,1,1
1392,FREE,,0,54708,54708,54708,0,0,1
500,ALLOC,,0,54708,54708,54708,0,0,1
501,ADD,VECTOR,37,54708,54745,54708,0,1,1
1393,FREE,,0,54745,54745,54745,0,1,1
1396,FREE,,0,54745,54745,55151,406,0,0
493,ALLOC,,0,54745,54745,55151,406,0,0
1765,SPILL_IN,MTE2,406,54745,55151,54745,0,1,1
495,MUL,VECTOR,38,55151,55189,55151,0,1,1
1394,FREE,,0,55189,55189,55189,0,0,1
502,ALLOC,,0,55189,55189,55189,0,0,1
503,ADD,VECTOR,37,55189,55226,55189,0,1,1
1395,FREE,,0,55226,55226,55226,0,1,1
1397,FREE,,0,55226,55226,56828,1602,0,0
455,ALLOC,,0,53452,53452,55632,2180,0,0
456,ALLOC,,0,53196,53196,55632,2436,0,0
1763,SPILL_IN,MTE2,406,55226,55632,55226,0,1,1
457,COMPACT,VECTOR,113,55632,55745,55632,0,1,1
1374,FREE,,0,55745,55745,55745,0,1,1
1376,FREE,,0,55745,55745,56151,406,0,0
468,ALLOC,,0,54302,54302,56102,1800,0,0
469,MUL,VECTOR,25,55745,55770,56102,357,0,0
1375,FREE,,0,55770,55770,56127,357,0,0
1381,FREE,,0,55770,55770,56151,381,0,0
472,ALLOC,,0,55770,55770,56127,357,0,0
473,ADD,VECTOR,24,55770,55794,56127,357,0,0
1382,FREE,,0,55794,55794,56287,493,0,0
1383,FREE,,0,55794,55794,56264,470,0,0
523,ALLOC,,0,55770,55770,56151,381,0,0
524,ALLOC,,0,55745,55745,56151,406,0,0
1777,SPILL_IN,MTE2,406,55745,56151,55745,0,1,1
525,COMPACT,VECTOR,113,56151,56264,56151,0,1,1
1410,FREE,,0,56264,56264,57828,1564,0,0
1408,FREE,,0,56264,56264,56422,158,0,0
535,ALLOC,,0,55794,55794,56264,470,0,0
536,MAX,VECTOR,23,56264,56287,56264,0,1,1
537,ALLOC,,0,55794,55794,56287,493,0,0
538,SUB,VECTOR,24,56287,56311,56287,0,1,1
1264,FREE,,0,56311,56311,56311,0,0,1
539,ALLOC,,0,56311,56311,56311,0,0,1
540,EXP,VECTOR,31,56311,56342,56311,0,1,1
1417,FREE,,0,56342,56342,56342,0,0,1
541,ALLOC,,0,56342,56342,56342,0,0,1
542,SUB,VECTOR,24,56342,56366,56342,0,1,1
1409,FREE,,0,56366,56366,56366,0,0,1
543,ALLOC,,0,56366,56366,56366,0,0,1
544,EXP,VECTOR,31,56366,56397,56366,0,1,1
1419,FREE,,0,56397,56397,56397,0,0,1
547,ALLOC,,0,56397,56397,56397,0,0,1
548,MUL,VECTOR,25,56397,56422,56397,0,1,1
1271,FREE,,0,56422,56422,58507,2085,0,0
577,ALLOC,,0,56264,56264,56422,158,0,0
578,MUL,VECTOR,38,56422,56460,56422,0,1,1
1287,FREE,,0,56460,56460,56460,0,1,1
579,ALLOC,,0,55226,55226,56828,1602,0,0
580,MUL,VECTOR,38,56460,56498,56828,368,0,0
1288,FREE,,0,56498,56498,56866,368,0,0
1418,FREE,,0,56498,56498,60490,3992,0,0
570,ALLOC,,0,56498,56498,56866,368,0,0
1775,SPILL_IN,MTE2,406,56460,56866,56460,0,1,1
572,MUL,VECTOR,38,56866,56904,56866,0,1,1
1433,FREE,,0,56904,56904,56904,0,0,1
581,ALLOC,,0,56904,56904,56904,0,0,1
582,ADD,VECTOR,37,56904,56941,56904,0,1,1
1434,FREE,,0,56941,56941,56941,0,1,1
1437,FREE,,0,56941,56941,57347,406,0,0
574,ALLOC,,0,56941,56941,57347,406,0,0
1773,SPILL_IN,MTE2,406,56941,57347,56941,0,1,1
576,MUL,VECTOR,38,57347,57385,57347,0,1,1
1435,FREE,,0,57385,57385,57385,0,0,1
583,ALLOC,,0,57385,57385,57385,0,0,1
584,ADD,VECTOR,37,57385,57422,57385,0,1,1
1436,FREE,,0,57422,57422,57422,0,1,1
1438,FREE,,0,57422,57422,59490,2068,0,0
532,ALLOC,,0,50655,50655,57828,7173,0,0
533,ALLOC,,0,56264,56264,57828,1564,0,0
1771,SPILL_IN,MTE2,406,57422,57828,57422,0,1,1
534,COMPACT,VECTOR,113,57828,57941,57828,0,1,1
1413,FREE,,0,57941,57941,57941,0,1,1
1415,FREE,,0,57941,57941,58347,406,0,0
545,ALLOC,,0,53243,53243,58298,5055,0,0
546,MUL,VECTOR,25,57941,57966,58298,357,0,0
1414,FREE,,0,57966,57966,58323,357,0,0
1420,FREE,,0,57966,57966,60490,2524,0,0
549,ALLOC,,0,57966,57966,58323,357,0,0
550,ADD,VECTOR,24,57966,57990,58323,357,0,0
1421,FREE,,0,57990,57990,58460,470,0,0
1422,FREE,,0,57990,57990,58347,357,0,0
600,ALLOC,,0,57990,57990,58347,357,0,0
601,ALLOC,,0,57941,57941,58347,406,0,0
1785,SPILL_IN,MTE2,406,57941,58347,57941,0,1,1
602,COMPACT,VECTOR,113,58347,58460,58347,0,1,1
1449,FREE,,0,58460,58460,60490,2030,0,0
1447,FREE,,0,58460,58460,58678,218,0,0
612,ALLOC,,0,57990,57990,58460,470,0,0
613,MAX,VECTOR,23,58460,58483,58460,0,1,1
614,ALLOC,,0,53354,53354,58483,5129,0,0
615,SUB,VECTOR,24,58483,58507,58483,0,1,1
1303,FREE,,0,58507,58507,60490,1983,0,0
616,ALLOC,,0,56422,56422,58507,2085,0,0
617,EXP,VECTOR,31,58507,58538,58507,0,1,1
1456,FREE,,0,58538,58538,58538,0,0,1
618,ALLOC,,0,58538,58538,58538,0,0,1
619,SUB,VECTOR,24,58538,58562,58538,0,1,1
1448,FREE,,0,58562,58562,58622,60,0,0
620,ALLOC,,0,58562,58562,58622,60,0,0
621,EXP,VECTOR,31,58562,58593,58622,60,0,0
1458,FREE,,0,58593,58593,58653,60,0,0
624,ALLOC,,0,58593,58593,58653,60,0,0
625,MUL,VECTOR,25,58593,58618,58653,60,0,0
1310,FREE,,0,58618,58618,60490,1872,0,0
650,ALLOC,,0,58460,58460,58678,218,0,0
651,MUL,VECTOR,38,58618,58656,58678,60,0,0
1324,FREE,,0,58656,58656,58716,60,0,0
652,ALLOC,,0,57422,57422,59490,2068,0,0
1837,SPILL_IN,MTE2,406,58656,59062,58716,60,0,0
653,MUL,VECTOR,38,59062,59100,59490,428,0,0
1325,FREE,,0,59100,59100,59528,428,0,0
1457,FREE,,0,59100,59100,60490,1390,0,0
643,ALLOC,,0,59100,59100,59528,428,0,0
1844,SPILL_OUT,MTE3,154,58562,58716,58562,0,1,1
1846,SPILL_OUT,MTE3,406,58716,59122,58716,0,1,1
1783,SPILL_IN,MTE2,406,59122,59528,59122,0,1,1
645,MUL,VECTOR,38,59528,59566,59528,0,1,1
1470,FREE,,0,59566,59566,59566,0,0,1
654,ALLOC,,0,59566,59566,59566,0,0,1
655,ADD,VECTOR,37,59566,59603,59566,0,1,1
1471,FREE,,0,59603,59603,59603,0,1,1
1474,FREE,,0,59603,59603,60009,406,0,0
647,ALLOC,,0,59603,59603,60009,406,0,0
1781,SPILL_IN,MTE2,406,59603,60009,59603,0,1,1
649,MUL,VECTOR,38,60009,60047,60009,0,1,1
1472,FREE,,0,60047,60047,60047,0,0,1
656,ALLOC,,0,60047,60047,60047,0,0,1
657,ADD,VECTOR,37,60047,60084,60047,0,1,1
1473,FREE,,0,60084,60084,60084,0,1,1
1475,FREE,,0,60084,60084,61532,1448,0,0
609,ALLOC,,0,58618,58618,60490,1872,0,0
610,ALLOC,,0,59100,59100,60490,1390,0,0
1779,SPILL_IN,MTE2,406,60084,60490,60084,0,1,1
611,COMPACT,VECTOR,113,60490,60603,60490,0,1,1
1452,FREE,,0,60603,60603,60603,0,1,1
1454,FREE,,0,60603,60603,61009,406,0,0
622,ALLOC,,0,58716,58716,60960,2244,0,0
623,MUL,VECTOR,25,60603,60628,60960,357,0,0
1453,FREE,,0,60628,60628,60985,357,0,0
1459,FREE,,0,60628,60628,61009,381,0,0
626,ALLOC,,0,60628,60628,60985,357,0,0
627,ADD,VECTOR,24,60628,60652,60985,357,0,0
1460,FREE,,0,60652,60652,61009,357,0,0
1461,FREE,,0,60652,60652,61009,357,0,0
673,ALLOC,,0,60628,60628,61009,381,0,0
674,ALLOC,,0,60652,60652,61009,357,0,0
1793,SPILL_IN,MTE2,406,60603,61009,60603,0,1,1
675,COMPACT,VECTOR,113,61009,61122,61009,0,1,1
1486,FREE,,0,61122,61122,61122,0,1,1
1484,FREE,,0,61122,61122,62674,1552,0,0
685,ALLOC,,0,61122,61122,61276,154,0,0
1835,SPILL_IN,MTE2,154,61122,61276,61122,0,1,1
686,MAX,VECTOR,23,61276,61299,61276,0,1,1
687,ALLOC,,0,61122,61122,61299,177,0,0
688,SUB,VECTOR,24,61299,61323,61299,0,1,1
1340,FREE,,0,61323,61323,61323,0,0,1
689,ALLOC,,0,61323,61323,61323,0,0,1
690,EXP,VECTOR,31,61323,61354,61323,0,1,1
1493,FREE,,0,61354,61354,61354,0,0,1
691,ALLOC,,0,61354,61354,61354,0,0,1
692,SUB,VECTOR,24,61354,61378,61354,0,1,1
1485,FREE,,0,61378,61378,62618,1240,0,0
693,ALLOC,,0,61378,61378,62618,1240,0,0
694,EXP,VECTOR,31,61378,61409,62618,1240,0,0
1495,FREE,,0,61409,61409,62649,1240,0,0
697,ALLOC,,0,61409,61409,62649,1240,0,0
698,MUL,VECTOR,25,61409,61434,62649,1240,0,0
1347,FREE,,0,61434,61434,63712,2278,0,0
723,ALLOC,,0,61122,61122,62674,1552,0,0
1843,SPILL_IN,MTE2,406,61276,61682,61532,256,0,0
724,MUL,VECTOR,38,61682,61720,62674,992,0,0
1361,FREE,,0,61720,61720,62712,992,0,0
725,ALLOC,,0,61720,61720,62712,992,0,0
1848,SPILL_OUT,MTE3,154,61378,61532,61378,0,1,1
1850,SPILL_OUT,MTE3,406,61532,61938,61532,0,1,1
1841,SPILL_IN,MTE2,406,61938,62344,61938,0,1,1
726,MUL,VECTOR,38,62344,62382,62712,368,0,0
1362,FREE,,0,62382,62382,62750,368,0,0
1494,FREE,,0,62382,62382,64231,1849,0,0
716,ALLOC,,0,62382,62382,62750,368,0,0
1852,SPILL_OUT,MTE3,406,61938,62344,61938,0,0,1
1791,SPILL_IN,MTE2,406,62344,62750,62344,0,1,1
718,MUL,VECTOR,38,62750,62788,62750,0,1,1
1507,FREE,,0,62788,62788,62788,0,0,1
727,ALLOC,,0,62788,62788,62788,0,0,1
728,ADD,VECTOR,37,62788,62825,62788,0,1,1
1508,FREE,,0,62825,62825,62825,0,1,1
1511,FREE,,0,62825,62825,63231,406,0,0
720,ALLOC,,0,62825,62825,63231,406,0,0
1789,SPILL_IN,MTE2,406,62825,63231,62825,0,1,1
722,MUL,VECTOR,38,63231,63269,63231,0,1,1
1509,FREE,,0,63269,63269,63269,0,0,1
729,ALLOC,,0,63269,63269,63269,0,0,1
730,ADD,VECTOR,37,63269,63306,63269,0,1,1
1510,FREE,,0,63306,63306,63306,0,1,1
1512,FREE,,0,63306,63306,65062,1756,0,0
682,ALLOC,,0,61434,61434,63712,2278,0,0
683,ALLOC,,0,61122,61122,63712,2590,0,0
1787,SPILL_IN,MTE2,406,63306,63712,63306,0,1,1
684,COMPACT,VECTOR,113,63712,63825,63712,0,1,1
1489,FREE,,0,63825,63825,63825,0,1,1
1491,FREE,,0,63825,63825,64231,406,0,0
695,ALLOC,,0,61532,61532,64182,2650,0,0
696,MUL,VECTOR,25,63825,63850,64182,357,0,0
1490,FREE,,0,63850,63850,64207,357,0,0
1496,FREE,,0,63850,63850,64231,381,0,0
699,ALLOC,,0,63850,63850,64207,357,0,0
700,ADD,VECTOR,24,63850,63874,64207,357,0,0
1497,FREE,,0,63874,63874,64231,357,0,0
1498,FREE,,0,63874,63874,64231,357,0,0
746,ALLOC,,0,63850,63850,64231,381,0,0
747,ALLOC,,0,63874,63874,64231,357,0,0
1801,SPILL_IN,MTE2,406,63825,64231,63825,0,1,1
748,COMPACT,VECTOR,113,64231,64344,64231,0,1,1
1523,FREE,,0,64344,64344,64344,0,1,1
1521,FREE,,0,64344,64344,64656,312,0,0
758,ALLOC,,0,64344,64344,64498,154,0,0
1839,SPILL_IN,MTE2,154,64344,64498,64344,0,1,1
759,MAX,VECTOR,23,64498,64521,64498,0,1,1
760,ALLOC,,0,64344,64344,64521,177,0,0
761,SUB,VECTOR,24,64521,64545,64521,0,1,1
1377,FREE,,0,64545,64545,64545,0,0,1
762,ALLOC,,0,64545,64545,64545,0,0,1
763,EXP,VECTOR,31,64545,64576,64545,0,1,1
1530,FREE,,0,64576,64576,64576,0,0,1
764,ALLOC,,0,64576,64576,64576,0,0,1
765,SUB,VECTOR,24,64576,64600,64576,0,1,1
1522,FREE,,0,64600,64600,64600,0,0,1
766,ALLOC,,0,64600,64600,64600,0,0,1
767,EXP,VECTOR,31,64600,64631,64600,0,1,1
1532,FREE,,0,64631,64631,64631,0,0,1
770,ALLOC,,0,64631,64631,64631,0,0,1
771,MUL,VECTOR,25,64631,64656,64631,0,1,1
1384,FREE,,0,64656,64656,66062,1406,0,0
796,ALLOC,,0,64344,64344,64656,312,0,0
797,MUL,VECTOR,38,64656,64694,64656,0,1,1
1398,FREE,,0,64694,64694,64694,0,1,1
798,ALLOC,,0,63306,63306,65062,1756,0,0
799,MUL,VECTOR,38,64694,64732,65062,368,0,0
1399,FREE,,0,64732,64732,65100,368,0,0
1531,FREE,,0,64732,64732,66532,1800,0,0
789,ALLOC,,0,64732,64732,65100,368,0,0
1799,SPILL_IN,MTE2,406,64694,65100,64694,0,1,1
791,MUL,VECTOR,38,65100,65138,65100,0,1,1
1544,FREE,,0,65138,65138,65138,0,0,1
800,ALLOC,,0,65138,65138,65138,0,0,1
801,ADD,VECTOR,37,65138,65175,65138,0,1,1
1545,FREE,,0,65175,65175,65175,0,1,1
1548,FREE,,0,65175,65175,65581,406,0,0
793,ALLOC,,0,65175,65175,65581,406,0,0
1797,SPILL_IN,MTE2,406,65175,65581,65175,0,1,1
795,MUL,VECTOR,38,65581,65619,65581,0,1,1
1546,FREE,,0,65619,65619,65619,0,0,1
802,ALLOC,,0,65619,65619,65619,0,0,1
803,ADD,VECTOR,37,65619,65656,65619,0,1,1
1547,FREE,,0,65656,65656,65656,0,1,1
1549,FREE,,0,65656,65656,67704,2048,0,0
755,ALLOC,,0,64656,64656,66062,1406,0,0
756,ALLOC,,0,64344,64344,66062,1718,0,0
1795,SPILL_IN,MTE2,406,65656,66062,65656,0,1,1
757,COMPACT,VECTOR,113,66062,66175,66062,0,1,1
1526,FREE,,0,66175,66175,66175,0,1,1
1528,FREE,,0,66175,66175,66581,406,0,0
768,ALLOC,,0,64732,64732,66532,1800,0,0
769,MUL,VECTOR,25,66175,66200,66532,357,0,0
1527,FREE,,0,66200,66200,66557,357,0,0
1533,FREE,,0,66200,66200,66581,381,0,0
772,ALLOC,,0,66200,66200,66557,357,0,0
773,ADD,VECTOR,24,66200,66224,66557,357,0,0
1534,FREE,,0,66224,66224,66581,357,0,0
1535,FREE,,0,66224,66224,66581,357,0,0
823,ALLOC,,0,66200,66200,66581,381,0,0
824,ALLOC,,0,66224,66224,66581,357,0,0
1809,SPILL_IN,MTE2,406,66175,66581,66175,0,1,1
825,COMPACT,VECTOR,113,66581,66694,66581,0,1,1
1562,FREE,,0,66694,66694,66694,0,0,1
1560,FREE,,0,66694,66694,66892,198,0,0
835,ALLOC,,0,66694,66694,66694,0,0,1
836,MAX,VECTOR,23,66694,66717,66694,0,1,1
894,COPY_OUT,MTE3,150,66717,66867,66717,0,1,1
837,ALLOC,,0,66694,66694,66757,63,0,0
838,SUB,VECTOR,24,66717,66741,66757,40,0,0
1416,FREE,,0,66741,66741,66781,40,0,0
839,ALLOC,,0,66741,66741,66781,40,0,0
840,EXP,VECTOR,31,66741,66772,66781,40,0,0
1569,FREE,,0,66772,66772,66812,40,0,0
841,ALLOC,,0,66772,66772,66812,40,0,0
842,SUB,VECTOR,24,66772,66796,66812,40,0,0
1561,FREE,,0,66796,66796,66836,40,0,0
1568,FREE,,0,66867,66867,66867,0,1,1
843,ALLOC,,0,66796,66796,66836,40,0,0
844,EXP,VECTOR,31,66796,66827,66836,40,0,0
1571,FREE,,0,66827,66827,68704,1877,0,0
847,ALLOC,,0,66867,66867,66867,0,1,1
848,MUL,VECTOR,25,66867,66892,66867,0,1,1
1423,FREE,,0,66892,66892,68817,1925,0,0
877,ALLOC,,0,66694,66694,66892,198,0,0
878,MUL,VECTOR,38,66892,66930,66892,0,1,1
1439,FREE,,0,66930,66930,66930,0,1,1
879,ALLOC,,0,65656,65656,67704,2048,0,0
1847,SPILL_IN,MTE2,406,66930,67336,66930,0,1,1
880,MUL,VECTOR,38,67336,67374,67704,368,0,0
1440,FREE,,0,67374,67374,67742,368,0,0
1570,FREE,,0,67374,67374,68704,1330,0,0
870,ALLOC,,0,67374,67374,67742,368,0,0
1854,SPILL_OUT,MTE3,406,66867,67273,66930,63,0,0
1807,SPILL_IN,MTE2,406,67336,67742,67336,0,1,1
872,MUL,VECTOR,38,67742,67780,67742,0,1,1
1585,FREE,,0,67780,67780,67780,0,0,1
881,ALLOC,,0,67780,67780,67780,0,0,1
882,ADD,VECTOR,37,67780,67817,67780,0,1,1
1586,FREE,,0,67817,67817,67817,0,1,1
1589,FREE,,0,67817,67817,68223,406,0,0
874,ALLOC,,0,67817,67817,68223,406,0,0
1805,SPILL_IN,MTE2,406,67817,68223,67817,0,1,1
876,MUL,VECTOR,38,68223,68261,68223,0,1,1
1587,FREE,,0,68261,68261,68261,0,0,1
883,ALLOC,,0,68261,68261,68261,0,0,1
884,ADD,VECTOR,37,68261,68298,68261,0,1,1
1588,FREE,,0,68298,68298,68298,0,1,1
1590,FREE,,0,68298,68298,70617,2319,0,0
832,ALLOC,,0,67374,67374,68704,1330,0,0
833,ALLOC,,0,66827,66827,68704,1877,0,0
1803,SPILL_IN,MTE2,406,68298,68704,68298,0,1,1
834,COMPACT,VECTOR,113,68704,68817,68704,0,1,1
1565,FREE,,0,68817,68817,68978,161,0,0
1567,FREE,,0,68817,68817,70636,1819,0,0
845,ALLOC,,0,66892,66892,68817,1925,0,0
846,MUL,VECTOR,25,68817,68842,68817,0,1,1
1566,FREE,,0,68842,68842,68842,0,0,1
1572,FREE,,0,68842,68842,68941,99,0,0
849,ALLOC,,0,68842,68842,68842,0,0,1
850,ADD,VECTOR,24,68842,68866,68842,0,1,1
1573,FREE,,0,68866,68866,69651,785,0,0
1574,FREE,,0,68866,68866,70636,1770,0,0
893,COPY_OUT,MTE3,150,68866,69016,68866,0,1,1
885,ALLOC,,0,68842,68842,68941,99,0,0
886,REC,VECTOR,37,68866,68903,68941,75,0,0
1575,FREE,,0,69016,69016,70636,1620,0,0
887,ALLOC,,0,68817,68817,68978,161,0,0
888,MUL,VECTOR,38,68903,68941,68978,75,0,0
1591,FREE,,0,68941,68941,70211,1270,0,0
891,COPY_OUT,MTE3,191,69016,69207,69016,0,1,1
1594,FREE,,0,69207,69207,69207,0,1,1
889,ALLOC,,0,69207,69207,69207,0,1,1
890,MUL,VECTOR,38,69207,69245,69207,0,1,1
1592,FREE,,0,69245,69245,69245,0,1,1
1593,FREE,,0,69245,69245,70749,1504,0,0
892,COPY_OUT,MTE3,191,69245,69436,69614,369,0,0
1595,FREE,,0,69436,69436,69805,369,0,0
910,ALLOC,,0,69016,69016,70636,1620,0,0
911,ALLOC,,0,68866,68866,70636,1770,0,0
1817,SPILL_IN,MTE2,406,69245,69651,69245,0,1,1
912,COMPACT,VECTOR,113,69651,69764,70636,985,0,0
1604,FREE,,0,69764,69764,70812,1048,0,0
1602,FREE,,0,69764,69764,70947,1183,0,0
922,ALLOC,,0,69245,69245,70749,1504,0,0
1845,SPILL_IN,MTE2,154,69651,69805,69651,0,1,1
923,MAX,VECTOR,23,69805,69828,70749,944,0,0
977,COPY_OUT,MTE3,150,69828,69978,70772,944,0,0
924,ALLOC,,0,69764,69764,70812,1048,0,0
925,SUB,VECTOR,24,69828,69852,70812,984,0,0
1455,FREE,,0,69852,69852,70836,984,0,0
926,ALLOC,,0,69852,69852,70836,984,0,0
927,EXP,VECTOR,31,69852,69883,70836,984,0,0
1611,FREE,,0,69883,69883,70867,984,0,0
928,ALLOC,,0,69883,69883,70867,984,0,0
929,SUB,VECTOR,24,69883,69907,70867,984,0,0
1603,FREE,,0,69907,69907,70891,984,0,0
1610,FREE,,0,69978,69978,70922,944,0,0
930,ALLOC,,0,69907,69907,70891,984,0,0
931,EXP,VECTOR,31,69907,69938,70891,984,0,0
1613,FREE,,0,69938,69938,71985,2047,0,0
934,ALLOC,,0,69978,69978,70922,944,0,0
935,MUL,VECTOR,25,69978,70003,70922,944,0,0
1462,FREE,,0,70003,70003,71985,1982,0,0
960,ALLOC,,0,69764,69764,70947,1183,0,0
1853,SPILL_IN,MTE2,406,69805,70211,69805,0,1,1
961,MUL,VECTOR,38,70211,70249,70947,736,0,0
1476,FREE,,0,70249,70249,70985,736,0,0
962,ALLOC,,0,70249,70249,70985,736,0,0
1851,SPILL_IN,MTE2,406,70211,70617,70211,0,1,1
963,MUL,VECTOR,38,70617,70655,70985,368,0,0
1477,FREE,,0,70655,70655,71023,368,0,0
1612,FREE,,0,70655,70655,72098,1443,0,0
953,ALLOC,,0,70655,70655,71023,368,0,0
1815,SPILL_IN,MTE2,406,70617,71023,70617,0,1,1
955,MUL,VECTOR,38,71023,71061,71023,0,1,1
1625,FREE,,0,71061,71061,71061,0,0,1
964,ALLOC,,0,71061,71061,71061,0,0,1
965,ADD,VECTOR,37,71061,71098,71061,0,1,1
1626,FREE,,0,71098,71098,71504,406,0,0
1629,FREE,,0,71098,71098,71098,0,1,1
957,ALLOC,,0,71098,71098,71504,406,0,0
1813,SPILL_IN,MTE2,406,71098,71504,71098,0,1,1
959,MUL,VECTOR,38,71504,71542,71504,0,1,1
1627,FREE,,0,71542,71542,71542,0,0,1
966,ALLOC,,0,71542,71542,71542,0,0,1
967,ADD,VECTOR,37,71542,71579,71542,0,1,1
1628,FREE,,0,71579,71579,73086,1507,0,0
1630,FREE,,0,71579,71579,71579,0,1,1
919,ALLOC,,0,70003,70003,71985,1982,0,0
920,ALLOC,,0,69938,69938,71985,2047,0,0
1811,SPILL_IN,MTE2,406,71579,71985,71579,0,1,1
921,COMPACT,VECTOR,113,71985,72098,71985,0,1,1
1607,FREE,,0,72098,72098,72259,161,0,0
1609,FREE,,0,72098,72098,73105,1007,0,0
932,ALLOC,,0,70655,70655,72098,1443,0,0
933,MUL,VECTOR,25,72098,72123,72098,0,1,1
1608,FREE,,0,72123,72123,72123,0,0,1
1614,FREE,,0,72123,72123,72222,99,0,0
936,ALLOC,,0,72123,72123,72123,0,0,1
937,ADD,VECTOR,24,72123,72147,72123,0,1,1
1615,FREE,,0,72147,72147,73281,1134,0,0
1616,FREE,,0,72147,72147,72932,785,0,0
976,COPY_OUT,MTE3,150,72147,72297,72147,0,1,1
968,ALLOC,,0,72123,72123,72222,99,0,0
969,REC,VECTOR,37,72147,72184,72222,75,0,0
1617,FREE,,0,72297,72297,73105,808,0,0
970,ALLOC,,0,72098,72098,72259,161,0,0
971,MUL,VECTOR,38,72184,72222,72259,75,0,0
1631,FREE,,0,72222,72222,75592,3370,0,0
974,COPY_OUT,MTE3,191,72297,72488,72297,0,1,1
1634,FREE,,0,72488,72488,72488,0,1,1
972,ALLOC,,0,72488,72488,72488,0,1,1
973,MUL,VECTOR,38,72488,72526,72488,0,1,1
1632,FREE,,0,72526,72526,72526,0,1,1
1633,FREE,,0,72526,72526,73218,692,0,0
975,COPY_OUT,MTE3,191,72526,72717,73050,524,0,0
1635,FREE,,0,72717,72717,73492,775,0,0
993,ALLOC,,0,72297,72297,73105,808,0,0
994,ALLOC,,0,72098,72098,73105,1007,0,0
1825,SPILL_IN,MTE2,406,72526,72932,72526,0,1,1
995,COMPACT,VECTOR,113,72932,73045,73105,173,0,0
1644,FREE,,0,73045,73045,74454,1409,0,0
1642,FREE,,0,73045,73045,73416,371,0,0
1005,ALLOC,,0,72526,72526,73218,692,0,0
1849,SPILL_IN,MTE2,154,72932,73086,72932,0,1,1
1006,MAX,VECTOR,23,73086,73109,73218,132,0,0
1060,COPY_OUT,MTE3,150,73109,73259,73241,132,0,0
1007,ALLOC,,0,72147,72147,73281,1134,0,0
1008,SUB,VECTOR,24,73109,73133,73281,172,0,0
1492,FREE,,0,73133,73133,73305,172,0,0
1009,ALLOC,,0,73133,73133,73305,172,0,0
1010,EXP,VECTOR,31,73133,73164,73305,172,0,0
1651,FREE,,0,73164,73164,73336,172,0,0
1011,ALLOC,,0,73164,73164,73336,172,0,0
1012,SUB,VECTOR,24,73164,73188,73336,172,0,0
1643,FREE,,0,73188,73188,73360,172,0,0
1650,FREE,,0,73259,73259,73391,132,0,0
1013,ALLOC,,0,73188,73188,73360,172,0,0
1014,EXP,VECTOR,31,73188,73219,73360,172,0,0
1653,FREE,,0,73219,73219,74592,1373,0,0
1017,ALLOC,,0,73259,73259,73391,132,0,0
1018,MUL,VECTOR,25,73259,73284,73391,132,0,0
1499,FREE,,0,73284,73284,74454,1170,0,0
1043,ALLOC,,0,73045,73045,73416,371,0,0
1044,MUL,VECTOR,38,73284,73322,73416,132,0,0
1513,FREE,,0,73322,73322,73454,132,0,0
1045,ALLOC,,0,73322,73322,73454,132,0,0
1046,MUL,VECTOR,38,73322,73360,73454,132,0,0
1514,FREE,,0,73360,73360,75998,2638,0,0
1652,FREE,,0,73360,73360,74567,1207,0,0
1036,ALLOC,,0,72717,72717,73492,775,0,0
1823,SPILL_IN,MTE2,406,73086,73492,73086,0,1,1
1038,MUL,VECTOR,38,73492,73530,73492,0,1,1
1665,FREE,,0,73530,73530,73530,0,0,1
1047,ALLOC,,0,73530,73530,73530,0,0,1
1048,ADD,VECTOR,37,73530,73567,73530,0,1,1
1666,FREE,,0,73567,73567,73973,406,0,0
1669,FREE,,0,73567,73567,73567,0,1,1
1040,ALLOC,,0,73567,73567,73973,406,0,0
1821,SPILL_IN,MTE2,406,73567,73973,73567,0,1,1
1042,MUL,VECTOR,38,73973,74011,73973,0,1,1
1667,FREE,,0,74011,74011,74011,0,0,1
1049,ALLOC,,0,74011,74011,74011,0,0,1
1050,ADD,VECTOR,37,74011,74048,74011,0,1,1
1668,FREE,,0,74048,74048,74048,0,1,1
1670,FREE,,0,74048,74048,78098,4050,0,0
1002,ALLOC,,0,73284,73284,74454,1170,0,0
1003,ALLOC,,0,73045,73045,74454,1409,0,0
1819,SPILL_IN,MTE2,406,74048,74454,74048,0,1,1
1004,COMPACT,VECTOR,113,74454,74567,74454,0,1,1
1647,FREE,,0,74567,74567,74728,161,0,0
1649,FREE,,0,74567,74567,76017,1450,0,0
1015,ALLOC,,0,73360,73360,74567,1207,0,0
1016,MUL,VECTOR,25,74567,74592,74567,0,1,1
1648,FREE,,0,74592,74592,76130,1538,0,0
1654,FREE,,0,74592,74592,74691,99,0,0
1019,ALLOC,,0,73219,73219,74592,1373,0,0
1020,ADD,VECTOR,24,74592,74616,74592,0,1,1
1655,FREE,,0,74616,74616,76217,1601,0,0
1656,FREE,,0,74616,74616,76193,1577,0,0
1059,COPY_OUT,MTE3,150,74616,74766,74616,0,1,1
1051,ALLOC,,0,74592,74592,74691,99,0,0
1052,REC,VECTOR,37,74616,74653,74691,75,0,0
1657,FREE,,0,74766,74766,77366,2600,0,0
1053,ALLOC,,0,74567,74567,74728,161,0,0
1054,MUL,VECTOR,38,74653,74691,74728,75,0,0
1671,FREE,,0,74691,74691,76366,1675,0,0
1057,COPY_OUT,MTE3,191,74766,74957,74766,0,1,1
1674,FREE,,0,74957,74957,74957,0,1,1
1055,ALLOC,,0,74957,74957,74957,0,1,1
1056,MUL,VECTOR,38,74957,74995,74957,0,1,1
1672,FREE,,0,74995,74995,78098,3103,0,0
1673,FREE,,0,74995,74995,76017,1022,0,0
1058,COPY_OUT,MTE3,191,74995,75186,74995,0,1,1
1675,FREE,,0,75186,75186,75186,0,1,1
1076,ALLOC,,0,74995,74995,76017,1022,0,0
1077,ALLOC,,0,74567,74567,76017,1450,0,0
1833,SPILL_IN,MTE2,406,75186,75592,75186,0,1,1
1078,COMPACT,VECTOR,113,75592,75705,76017,425,0,0
1684,FREE,,0,75705,75705,77366,1661,0,0
1682,FREE,,0,75705,75705,76328,623,0,0
1088,ALLOC,,0,74592,74592,76130,1538,0,0
1089,MAX,VECTOR,23,75705,75728,76130,425,0,0
1143,COPY_OUT,MTE3,150,75728,75878,76153,425,0,0
1090,ALLOC,,0,74616,74616,76193,1577,0,0
1091,SUB,VECTOR,24,75728,75752,76193,465,0,0
1529,FREE,,0,75752,75752,77366,1614,0,0
1092,ALLOC,,0,74616,74616,76217,1601,0,0
1093,EXP,VECTOR,31,75752,75783,76217,465,0,0
1691,FREE,,0,75783,75783,76248,465,0,0
1094,ALLOC,,0,75783,75783,76248,465,0,0
1095,SUB,VECTOR,24,75783,75807,76248,465,0,0
1683,FREE,,0,75807,75807,76272,465,0,0
1690,FREE,,0,75878,75878,76303,425,0,0
1096,ALLOC,,0,75807,75807,76272,465,0,0
1097,EXP,VECTOR,31,75807,75838,76272,465,0,0
1693,FREE,,0,75838,75838,77366,1528,0,0
1100,ALLOC,,0,75878,75878,76303,425,0,0
1101,MUL,VECTOR,25,75878,75903,76303,425,0,0
1536,FREE,,0,75903,75903,77366,1463,0,0
1126,ALLOC,,0,75705,75705,76328,623,0,0
1127,MUL,VECTOR,38,75903,75941,76328,425,0,0
1550,FREE,,0,75941,75941,78098,2157,0,0
1128,ALLOC,,0,74691,74691,76366,1675,0,0
1855,SPILL_IN,MTE2,406,75592,75998,75592,0,1,1
1129,MUL,VECTOR,38,75998,76036,76366,368,0,0
1551,FREE,,0,76036,76036,76404,368,0,0
1692,FREE,,0,76036,76036,77366,1330,0,0
1119,ALLOC,,0,76036,76036,76404,368,0,0
1831,SPILL_IN,MTE2,406,75998,76404,75998,0,1,1
1121,MUL,VECTOR,38,76404,76442,76404,0,1,1
1705,FREE,,0,76442,76442,76442,0,0,1
1130,ALLOC,,0,76442,76442,76442,0,0,1
1131,ADD,VECTOR,37,76442,76479,76442,0,1,1
1706,FREE,,0,76479,76479,76479,0,1,1
1709,FREE,,0,76479,76479,76885,406,0,0
1123,ALLOC,,0,76479,76479,76885,406,0,0
1829,SPILL_IN,MTE2,406,76479,76885,76479,0,1,1
1125,MUL,VECTOR,38,76885,76923,76885,0,1,1
1707,FREE,,0,76923,76923,76923,0,0,1
1132,ALLOC,,0,76923,76923,76923,0,0,1
1133,ADD,VECTOR,37,76923,76960,76923,0,1,1
1708,FREE,,0,76960,76960,76960,0,1,1
1710,FREE,,0,76960,76960,78098,1138,0,0
1085,ALLOC,,0,75903,75903,77366,1463,0,0
1086,ALLOC,,0,76036,76036,77366,1330,0,0
1827,SPILL_IN,MTE2,406,76960,77366,76960,0,1,1
1087,COMPACT,VECTOR,113,77366,77479,77366,0,1,1
1687,FREE,,0,77479,77479,77640,161,0,0
1689,FREE,,0,77479,77479,77479,0,0,1
1098,ALLOC,,0,77479,77479,77479,0,0,1
1099,MUL,VECTOR,25,77479,77504,77479,0,1,1
1688,FREE,,0,77504,77504,77504,0,0,1
1694,FREE,,0,77504,77504,78098,594,0,0
1102,ALLOC,,0,77504,77504,77504,0,0,1
1103,ADD,VECTOR,24,77504,77528,77504,0,1,1
1695,FREE,,0,77528,77528,77603,75,0,0
1696,FREE,,0,77528,77528,78098,570,0,0
1142,COPY_OUT,MTE3,150,77528,77678,77528,0,1,1
1134,ALLOC,,0,77528,77528,77603,75,0,0
1135,REC,VECTOR,37,77528,77565,77603,75,0,0
1697,FREE,,0,77678,77678,78098,420,0,0
1136,ALLOC,,0,77479,77479,77640,161,0,0
1137,MUL,VECTOR,38,77565,77603,77640,75,0,0
1711,FREE,,0,77603,77603,78098,495,0,0
1140,COPY_OUT,MTE3,191,77678,77869,77678,0,1,1
1714,FREE,,0,77869,77869,77869,0,1,1
1138,ALLOC,,0,77869,77869,77869,0,1,1
1139,MUL,VECTOR,38,77869,77907,77869,0,1,1
1712,FREE,,0,77907,77907,78098,191,0,0
1713,FREE,,0,77907,77907,78098,191,0,0
1141,COPY_OUT,MTE3,191,77907,78098,77907,0,1,1
1715,FREE,,0,78098,78098,78098,0,0,1
