position,node_id,l1_ub_live,running_peak
1,8,0,0
2,0,1,1
3,1,2,2
4,2,3,3
5,3,3,3
6,14,4,4
7,16,5,5
8,38,6,6
9,40,7,7
10,258,8,8
11,260,9,9
12,321,10,10
13,323,11,11
14,325,12,12
15,327,13,13
16,369,14,14
17,371,15,15
18,373,16,16
19,375,17,17
20,417,18,18
21,419,19,19
22,421,20,20
23,423,21,21
24,15,23,23
25,17,25,25
26,39,27,27
27,41,29,29
28,259,31,31
29,261,33,33
30,282,35,35
31,284,37,37
32,286,39,39
33,322,41,41
34,324,43,43
35,326,45,45
36,328,47,47
37,370,49,49
38,372,51,51
39,374,53,53
40,376,55,55
41,418,57,57
42,420,59,59
43,422,61,61
44,424,63,63
45,283,67,67
46,285,71,71
47,287,75,75
48,234,81,81
49,236,87,87
50,4,103,103
51,5,103,103
52,9,103,103
53,1752,87,103
54,10,87,103
55,1754,87,103
56,11,87,103
57,6,103,103
58,7,103,103
59,12,103,103
60,1753,87,103
61,13,87,103
62,1751,86,103
63,1755,86,103
64,26,86,103
65,18,102,103
66,19,102,103
67,27,102,103
68,1760,86,103
69,28,86,103
70,1764,86,103
71,29,86,103
72,20,102,103
73,21,102,103
74,30,102,103
75,1761,86,103
76,31,86,103
77,1757,84,103
78,1765,84,103
79,32,84,103
80,22,100,103
81,23,100,103
82,33,100,103
83,1762,84,103
84,34,84,103
85,1749,83,103
86,1766,83,103
87,35,83,103
88,24,99,103
89,25,99,103
90,36,99,103
91,1763,83,103
92,37,83,103
93,1759,81,103
94,1750,80,103
95,1767,80,103
96,50,80,103
97,42,96,103
98,43,96,103
99,51,96,103
100,1772,80,103
101,52,80,103
102,1776,80,103
103,53,80,103
104,44,96,103
105,45,96,103
106,54,96,103
107,1773,80,103
108,55,80,103
109,1769,78,103
110,1777,78,103
111,56,78,103
112,46,94,103
113,47,94,103
114,57,94,103
115,1774,78,103
116,58,78,103
117,1756,77,103
118,1778,77,103
119,59,77,103
120,48,93,103
121,49,93,103
122,60,93,103
123,1775,77,103
124,61,77,103
125,1771,75,103
126,1758,74,103
127,1779,74,103
128,72,74,103
129,80,90,103
130,81,90,103
131,82,106,106
132,83,106,106
133,329,122,122
134,330,122,122
135,331,138,138
136,332,138,138
137,333,154,154
138,334,154,154
139,335,170,170
140,336,170,170
141,337,186,186
142,338,186,186
143,339,202,202
144,340,202,202
145,341,218,218
146,342,218,218
147,343,234,234
148,344,234,234
149,377,250,250
150,378,250,250
151,379,266,266
152,380,266,266
153,381,282,282
154,382,282,282
155,383,298,298
156,384,298,298
157,385,314,314
158,386,314,314
159,387,330,330
160,388,330,330
161,389,346,346
162,390,346,346
163,391,362,362
164,392,362,362
165,425,378,378
166,426,378,378
167,427,394,394
168,428,394,394
169,429,410,410
170,430,410,410
171,431,426,426
172,432,426,426
173,433,442,442
174,434,442,442
175,435,458,458
176,436,458,458
177,437,474,474
178,438,474,474
179,439,490,490
180,440,490,490
181,186,514,514
182,188,538,538
183,210,562,562
184,212,586,586
185,235,610,610
186,237,634,634
187,601,658,658
188,603,682,682
189,605,706,706
190,607,730,730
191,288,762,762
192,289,762,762
193,290,794,794
194,291,794,794
195,292,826,826
196,293,826,826
197,294,858,858
198,295,858,858
199,296,890,890
200,297,890,890
201,298,922,922
202,299,922,922
203,689,970,970
204,691,1018,1018
205,693,1066,1066
206,695,1114,1114
207,777,1162,1162
208,783,1210,1210
209,789,1258,1258
210,795,1306,1306
211,801,1354,1354
212,807,1402,1402
213,813,1450,1450
214,819,1498,1498
215,825,1546,1546
216,831,1594,1594
217,837,1642,1642
218,843,1690,1690
219,849,1738,1738
220,855,1786,1786
221,861,1834,1834
222,867,1882,1882
223,778,1946,1946
224,779,1946,1946
225,784,2010,2010
226,785,2010,2010
227,790,2074,2074
228,791,2074,2074
229,796,2138,2138
230,797,2138,2138
231,802,2202,2202
232,803,2202,2202
233,808,2266,2266
234,809,2266,2266
235,814,2330,2330
236,815,2330,2330
237,820,2394,2394
238,821,2394,2394
239,826,2458,2458
240,827,2458,2458
241,832,2522,2522
242,833,2522,2522
243,838,2586,2586
244,839,2586,2586
245,844,2650,2650
246,845,2650,2650
247,850,2714,2714
248,851,2714,2714
249,856,2778,2778
250,857,2778,2778
251,862,2842,2842
252,863,2842,2842
253,868,2906,2906
254,869,2906,2906
255,1062,2970,2970
256,1063,2970,2970
257,1068,3034,3034
258,1069,3034,3034
259,1074,3098,3098
260,1075,3098,3098
261,1080,3162,3162
262,1081,3162,3162
263,1086,3226,3226
264,1087,3226,3226
265,1092,3290,3290
266,1093,3290,3290
267,1098,3354,3354
268,1099,3354,3354
269,1104,3418,3418
270,1105,3418,3418
271,1110,3482,3482
272,1111,3482,3482
273,1116,3546,3546
274,1117,3546,3546
275,1122,3610,3610
276,1123,3610,3610
277,1128,3674,3674
278,1129,3674,3674
279,1134,3738,3738
280,1135,3738,3738
281,1140,3802,3802
282,1141,3802,3802
283,1146,3866,3866
284,1147,3866,3866
285,1152,3930,3930
286,1153,3930,3930
287,162,4026,4026
288,164,4122,4122
289,187,4218,4218
290,189,4314,4314
291,211,4410,4410
292,213,4506,4506
293,465,4602,4602
294,467,4698,4698
295,469,4794,4794
296,471,4890,4890
297,513,4986,4986
298,515,5082,5082
299,517,5178,5178
300,519,5274,5274
301,602,5370,5370
302,604,5466,5466
303,606,5562,5562
304,608,5658,5658
305,690,5754,5754
306,692,5850,5850
307,694,5946,5946
308,696,6042,6042
309,885,6138,6138
310,887,6234,6234
311,889,6330,6330
312,891,6426,6426
313,68,6570,6570
314,69,6570,6570
315,73,6570,6570
316,1784,6426,6570
317,70,6570,6570
318,71,6570,6570
319,94,6714,6714
320,95,6714,6714
321,96,6858,6858
322,97,6858,6858
323,98,7002,7002
324,99,7002,7002
325,100,7146,7146
326,101,7146,7146
327,118,7290,7290
328,119,7290,7290
329,120,7434,7434
330,121,7434,7434
331,122,7578,7578
332,123,7578,7578
333,124,7722,7722
334,125,7722,7722
335,142,7866,7866
336,143,7866,7866
337,144,8010,8010
338,145,8010,8010
339,146,8154,8154
340,147,8154,8154
341,148,8298,8298
342,149,8298,8298
343,166,8442,8442
344,167,8442,8442
345,168,8586,8586
346,169,8586,8586
347,170,8730,8730
348,171,8730,8730
349,172,8874,8874
350,173,8874,8874
351,190,9018,9018
352,191,9018,9018
353,192,9162,9162
354,193,9162,9162
355,194,9306,9306
356,195,9306,9306
357,196,9450,9450
358,197,9450,9450
359,214,9594,9594
360,215,9594,9594
361,216,9738,9738
362,217,9738,9738
363,218,9882,9882
364,219,9882,9882
365,220,10026,10026
366,221,10026,10026
367,238,10170,10170
368,239,10170,10170
369,240,10314,10314
370,241,10314,10314
371,242,10458,10458
372,243,10458,10458
373,244,10602,10602
374,245,10602,10602
375,473,10746,10746
376,474,10746,10746
377,475,10890,10890
378,476,10890,10890
379,477,11034,11034
380,478,11034,11034
381,479,11178,11178
382,480,11178,11178
383,481,11322,11322
384,482,11322,11322
385,483,11466,11466
386,484,11466,11466
387,485,11610,11610
388,486,11610,11610
389,487,11754,11754
390,488,11754,11754
391,521,11898,11898
392,522,11898,11898
393,523,12042,12042
394,524,12042,12042
395,525,12186,12186
396,526,12186,12186
397,527,12330,12330
398,528,12330,12330
399,529,12474,12474
400,530,12474,12474
401,531,12618,12618
402,532,12618,12618
403,533,12762,12762
404,534,12762,12762
405,535,12906,12906
406,536,12906,12906
407,537,13050,13050
408,538,13050,13050
409,539,13194,13194
410,540,13194,13194
411,541,13338,13338
412,542,13338,13338
413,543,13482,13482
414,544,13482,13482
415,545,13626,13626
416,546,13626,13626
417,547,13770,13770
418,548,13770,13770
419,549,13914,13914
420,550,13914,13914
421,551,14058,14058
422,552,14058,14058
423,609,14202,14202
424,610,14202,14202
425,611,14346,14346
426,612,14346,14346
427,613,14490,14490
428,614,14490,14490
429,615,14634,14634
430,616,14634,14634
431,617,14778,14778
432,618,14778,14778
433,619,14922,14922
434,620,14922,14922
435,621,15066,15066
436,622,15066,15066
437,623,15210,15210
438,624,15210,15210
439,625,15354,15354
440,626,15354,15354
441,627,15498,15498
442,628,15498,15498
443,629,15642,15642
444,630,15642,15642
445,631,15786,15786
446,632,15786,15786
447,633,15930,15930
448,634,15930,15930
449,635,16074,16074
450,636,16074,16074
451,637,16218,16218
452,638,16218,16218
453,639,16362,16362
454,640,16362,16362
455,697,16506,16506
456,698,16506,16506
457,699,16650,16650
458,700,16650,16650
459,701,16794,16794
460,702,16794,16794
461,703,16938,16938
462,704,16938,16938
463,705,17082,17082
464,706,17082,17082
465,707,17226,17226
466,708,17226,17226
467,709,17370,17370
468,710,17370,17370
469,711,17514,17514
470,712,17514,17514
471,713,17658,17658
472,714,17658,17658
473,715,17802,17802
474,716,17802,17802
475,717,17946,17946
476,718,17946,17946
477,719,18090,18090
478,720,18090,18090
479,721,18234,18234
480,722,18234,18234
481,723,18378,18378
482,724,18378,18378
483,725,18522,18522
484,726,18522,18522
485,727,18666,18666
486,728,18666,18666
487,893,18810,18810
488,894,18810,18810
489,895,18954,18954
490,896,18954,18954
491,897,19098,19098
492,898,19098,19098
493,899,19242,19242
494,900,19242,19242
495,901,19386,19386
496,902,19386,19386
497,903,19530,19530
498,904,19530,19530
499,905,19674,19674
500,906,19674,19674
501,907,19818,19818
502,908,19818,19818
503,909,19962,19962
504,910,19962,19962
505,911,20106,20106
506,912,20106,20106
507,913,20250,20250
508,914,20250,20250
509,915,20394,20394
510,916,20394,20394
511,917,20538,20538
512,918,20538,20538
513,919,20682,20682
514,920,20682,20682
515,921,20826,20826
516,922,20826,20826
517,923,20970,20970
518,924,20970,20970
519,981,21114,21114
520,982,21114,21114
521,983,21258,21258
522,984,21258,21258
523,985,21402,21402
524,986,21402,21402
525,987,21546,21546
526,988,21546,21546
527,989,21690,21690
528,990,21690,21690
529,991,21834,21834
530,992,21834,21834
531,993,21978,21978
532,994,21978,21978
533,995,22122,22122
534,996,22122,22122
535,997,22266,22266
536,998,22266,22266
537,999,22410,22410
538,1000,22410,22410
539,1001,22554,22554
540,1002,22554,22554
541,1003,22698,22698
542,1004,22698,22698
543,1005,22842,22842
544,1006,22842,22842
545,1007,22986,22986
546,1008,22986,22986
547,1009,23130,23130
548,1010,23130,23130
549,1011,23274,23274
550,1012,23274,23274
551,1177,23418,23418
552,1178,23418,23418
553,1179,23562,23562
554,1180,23562,23562
555,1181,23706,23706
556,1182,23706,23706
557,1183,23850,23850
558,1184,23850,23850
559,1185,23994,23994
560,1186,23994,23994
561,1187,24138,24138
562,1188,24138,24138
563,1189,24282,24282
564,1190,24282,24282
565,1191,24426,24426
566,1192,24426,24426
567,1225,24570,24570
568,1226,24570,24570
569,1227,24714,24714
570,1228,24714,24714
571,1229,24858,24858
572,1230,24858,24858
573,1231,25002,25002
574,1232,25002,25002
575,1233,25146,25146
576,1234,25146,25146
577,1235,25290,25290
578,1236,25290,25290
579,1237,25434,25434
580,1238,25434,25434
581,1239,25578,25578
582,1240,25578,25578
583,1241,25722,25722
584,1242,25722,25722
585,1243,25866,25866
586,1244,25866,25866
587,1245,26010,26010
588,1246,26010,26010
589,1247,26154,26154
590,1248,26154,26154
591,1249,26298,26298
592,1250,26298,26298
593,1251,26442,26442
594,1252,26442,26442
595,1253,26586,26586
596,1254,26586,26586
597,1255,26730,26730
598,1256,26730,26730
599,1313,26874,26874
600,1314,26874,26874
601,1315,27018,27018
602,1316,27018,27018
603,1317,27162,27162
604,1318,27162,27162
605,1319,27306,27306
606,1320,27306,27306
607,1321,27450,27450
608,1322,27450,27450
609,1323,27594,27594
610,1324,27594,27594
611,1325,27738,27738
612,1326,27738,27738
613,1327,27882,27882
614,1328,27882,27882
615,1329,28026,28026
616,1330,28026,28026
617,1331,28170,28170
618,1332,28170,28170
619,1333,28314,28314
620,1334,28314,28314
621,1335,28458,28458
622,1336,28458,28458
623,1337,28602,28602
624,1338,28602,28602
625,1339,28746,28746
626,1340,28746,28746
627,1341,28890,28890
628,1342,28890,28890
629,1343,29034,29034
630,1344,29034,29034
631,1401,29178,29178
632,1402,29178,29178
633,1403,29322,29322
634,1404,29322,29322
635,1405,29466,29466
636,1406,29466,29466
637,1407,29610,29610
638,1408,29610,29610
639,1409,29754,29754
640,1410,29754,29754
641,1411,29898,29898
642,1412,29898,29898
643,1413,30042,30042
644,1414,30042,30042
645,1415,30186,30186
646,1416,30186,30186
647,1417,30330,30330
648,1418,30330,30330
649,1419,30474,30474
650,1420,30474,30474
651,1421,30618,30618
652,1422,30618,30618
653,1423,30762,30762
654,1424,30762,30762
655,1425,30906,30906
656,1426,30906,30906
657,1427,31050,31050
658,1428,31050,31050
659,1429,31194,31194
660,1430,31194,31194
661,1431,31338,31338
662,1432,31338,31338
663,1489,31482,31482
664,1490,31482,31482
665,1491,31626,31626
666,1492,31626,31626
667,1493,31770,31770
668,1494,31770,31770
669,1495,31914,31914
670,1496,31914,31914
671,1497,32058,32058
672,1498,32058,32058
673,1499,32202,32202
674,1500,32202,32202
675,1501,32346,32346
676,1502,32346,32346
677,1503,32490,32490
678,1504,32490,32490
679,1505,32634,32634
680,1506,32634,32634
681,1507,32778,32778
682,1508,32778,32778
683,1509,32922,32922
684,1510,32922,32922
685,1511,33066,33066
686,1512,33066,33066
687,1513,33210,33210
688,1514,33210,33210
689,1515,33354,33354
690,1516,33354,33354
691,1517,33498,33498
692,1518,33498,33498
693,1519,33642,33642
694,1520,33642,33642
695,1577,33786,33786
696,1578,33786,33786
697,1579,33930,33930
698,1580,33930,33930
699,1581,34074,34074
700,1582,34074,34074
701,1583,34218,34218
702,1584,34218,34218
703,1585,34362,34362
704,1586,34362,34362
705,1587,34506,34506
706,1588,34506,34506
707,1589,34650,34650
708,1590,34650,34650
709,1591,34794,34794
710,1592,34794,34794
711,1593,34938,34938
712,1594,34938,34938
713,1595,35082,35082
714,1596,35082,35082
715,1597,35226,35226
716,1598,35226,35226
717,1599,35370,35370
718,1600,35370,35370
719,1601,35514,35514
720,1602,35514,35514
721,1603,35658,35658
722,1604,35658,35658
723,1605,35802,35802
724,1606,35802,35802
725,1607,35946,35946
726,1608,35946,35946
727,1665,36090,36090
728,1666,36090,36090
729,1667,36234,36234
730,1668,36234,36234
731,1669,36378,36378
732,1670,36378,36378
733,1671,36522,36522
734,1672,36522,36522
735,1673,36666,36666
736,1674,36666,36666
737,1675,36810,36810
738,1676,36810,36810
739,1677,36954,36954
740,1678,36954,36954
741,1679,37098,37098
742,1680,37098,37098
743,1681,37242,37242
744,1682,37242,37242
745,1683,37386,37386
746,1684,37386,37386
747,1685,37530,37530
748,1686,37530,37530
749,1687,37674,37674
750,1688,37674,37674
751,1689,37818,37818
752,1690,37818,37818
753,1691,37962,37962
754,1692,37962,37962
755,1693,38106,38106
756,1694,38106,38106
757,1695,38250,38250
758,1696,38250,38250
759,262,38442,38442
760,263,38442,38442
761,264,38634,38634
762,265,38634,38634
763,266,38826,38826
764,267,38826,38826
765,268,39018,39018
766,269,39018,39018
767,873,39210,39210
768,874,39402,39402
769,876,39594,39594
770,877,39786,39786
771,879,39978,39978
772,880,40170,40170
773,882,40362,40362
774,883,40554,40554
775,973,40746,40746
776,975,40938,40938
777,977,41130,41130
778,979,41322,41322
779,1061,41514,41514
780,1067,41706,41706
781,1073,41898,41898
782,1079,42090,42090
783,1085,42282,42282
784,1091,42474,42474
785,1097,42666,42666
786,1103,42858,42858
787,1109,43050,43050
788,1115,43242,43242
789,1121,43434,43434
790,1127,43626,43626
791,1133,43818,43818
792,1139,44010,44010
793,1145,44202,44202
794,1151,44394,44394
795,62,44778,44778
796,63,45162,45162
797,90,45546,45546
798,92,45930,45930
799,114,46314,46314
800,116,46698,46698
801,138,47082,47082
802,140,47466,47466
803,163,47850,47850
804,165,48234,48234
805,466,48618,48618
806,468,49002,49002
807,470,49386,49386
808,472,49770,49770
809,514,50154,50154
810,516,50538,50538
811,518,50922,50922
812,520,51306,51306
813,886,51690,51690
814,888,52074,52074
815,890,52458,52458
816,892,52842,52842
817,974,53226,53226
818,976,53610,53610
819,978,53994,53994
820,980,54378,54378
821,1169,54762,54762
822,1171,55146,55146
823,1173,55530,55530
824,1175,55914,55914
825,1217,56298,56298
826,1219,56682,56682
827,1221,57066,57066
828,1223,57450,57450
829,1305,57834,57834
830,1307,58218,58218
831,1309,58602,58602
832,1311,58986,58986
833,64,59754,59754
834,65,59754,59754
835,66,60522,60522
836,67,60522,60522
837,74,60522,60522
838,1786,60522,60522
839,75,60522,60522
840,76,60522,60522
841,1785,60378,60522
842,77,60378,60522
843,1787,60378,60522
844,84,60378,60522
845,85,60378,60522
846,1790,60362,60522
847,78,61130,61130
848,86,61130,61130
849,1792,61130,61130
850,87,61130,61130
851,88,61130,61130
852,1791,61114,61130
853,79,61882,61882
854,89,61882,61882
855,1782,61114,61882
856,1783,60346,61882
857,1793,60346,61882
858,102,60346,61882
859,103,60346,61882
860,1798,60202,61882
861,1157,60970,61882
862,1158,61738,61882
863,1160,62506,62506
864,1161,63274,63274
865,1163,64042,64042
866,1164,64810,64810
867,1166,65578,65578
868,1167,66346,66346
869,1393,67114,67114
870,1395,67882,67882
871,1397,68650,68650
872,1399,69418,69418
873,1481,70186,70186
874,1483,70954,70954
875,1485,71722,71722
876,1487,72490,72490
877,1569,73258,73258
878,1571,74026,74026
879,1573,74794,74794
880,1575,75562,75562
881,1657,76330,76330
882,1659,77098,77098
883,1661,77866,77866
884,1663,78634,78634
885,91,80170,80170
886,104,80170,80170
887,1802,80170,80170
888,105,80170,80170
889,106,80170,80170
890,1799,80026,80170
891,107,80026,80170
892,1795,78490,80170
893,1788,77722,80170
894,1803,77722,80170
895,108,77722,80170
896,109,77722,80170
897,1800,77578,80170
898,93,79114,80170
899,110,79114,80170
900,1780,78730,80170
901,1804,78730,80170
902,111,78730,80170
903,112,78730,80170
904,1801,78586,80170
905,113,78586,80170
906,1797,77050,80170
907,1789,76282,80170
908,1781,75898,80170
909,1805,75898,80170
910,126,75898,80170
911,127,75898,80170
912,1810,75754,80170
913,115,77290,80170
914,128,77290,80170
915,1814,77290,80170
916,129,77290,80170
917,130,77290,80170
918,1811,77146,80170
919,131,77146,80170
920,1807,75610,80170
921,1815,75610,80170
922,132,75610,80170
923,133,75610,80170
924,1812,75466,80170
925,117,77002,80170
926,134,77002,80170
927,1816,77002,80170
928,135,77002,80170
929,136,77002,80170
930,1813,76858,80170
931,137,76858,80170
932,1809,75322,80170
933,1817,75322,80170
934,150,75322,80170
935,151,75322,80170
936,1822,75178,80170
937,139,76714,80170
938,152,76714,80170
939,1826,76714,80170
940,153,76714,80170
941,154,76714,80170
942,1823,76570,80170
943,155,76570,80170
944,1819,75034,80170
945,1794,74650,80170
946,1827,74650,80170
947,156,74650,80170
948,157,74650,80170
949,1824,74506,80170
950,141,76042,80170
951,158,76042,80170
952,1806,75658,80170
953,1828,75658,80170
954,159,75658,80170
955,160,75658,80170
956,1825,75514,80170
957,161,75514,80170
958,1821,73978,80170
959,1796,73594,80170
960,1808,73210,80170
961,1829,73210,80170
962,174,73210,80170
963,175,73210,80170
964,1834,73066,80170
965,176,73066,80170
966,1838,73066,80170
967,177,73066,80170
968,178,73066,80170
969,1835,72922,80170
970,179,72922,80170
971,1831,72538,80170
972,1839,72538,80170
973,180,72538,80170
974,181,72538,80170
975,1836,72394,80170
976,182,72394,80170
977,1840,72394,80170
978,183,72394,80170
979,184,72394,80170
980,1837,72250,80170
981,185,72250,80170
982,1833,71866,80170
983,1841,71866,80170
984,198,71866,80170
985,199,71866,80170
986,1846,71722,80170
987,200,71722,80170
988,1850,71722,80170
989,201,71722,80170
990,202,71722,80170
991,1847,71578,80170
992,203,71578,80170
993,1843,71482,80170
994,1768,71481,80170
995,1851,71481,80170
996,204,71481,80170
997,205,71481,80170
998,1848,71337,80170
999,206,71337,80170
1000,1830,71241,80170
1001,1852,71241,80170
1002,207,71241,80170
1003,208,71241,80170
1004,1849,71097,80170
1005,209,71097,80170
1006,1832,71001,80170
1007,1845,70905,80170
1008,1770,70904,80170
1009,1853,70904,80170
1010,222,70904,80170
1011,223,70904,80170
1012,1858,70760,80170
1013,224,70760,80170
1014,1862,70760,80170
1015,225,70760,80170
1016,226,70760,80170
1017,1859,70616,80170
1018,227,70616,80170
1019,1855,70520,80170
1020,1863,70520,80170
1021,228,70520,80170
1022,229,70520,80170
1023,1860,70376,80170
1024,230,70376,80170
1025,1842,70352,80170
1026,1864,70352,80170
1027,231,70352,80170
1028,232,70352,80170
1029,1861,70208,80170
1030,233,70208,80170
1031,1857,70112,80170
1032,1844,70088,80170
1033,1865,70088,80170
1034,246,70088,80170
1035,247,70088,80170
1036,1870,69944,80170
1037,248,69944,80170
1038,1874,69944,80170
1039,249,69944,80170
1040,250,69944,80170
1041,1871,69800,80170
1042,251,69800,80170
1043,1867,69776,80170
1044,1875,69776,80170
1045,252,69776,80170
1046,253,69776,80170
1047,1872,69632,80170
1048,254,69632,80170
1049,1854,69608,80170
1050,1876,69608,80170
1051,255,69608,80170
1052,256,69608,80170
1053,1873,69464,80170
1054,257,69464,80170
1055,1856,69440,80170
1056,1869,69416,80170
1057,1877,69416,80170
1058,270,69416,80170
1059,271,69416,80170
1060,1882,69224,80170
1061,272,69224,80170
1062,1886,69224,80170
1063,273,69224,80170
1064,274,69224,80170
1065,1883,69032,80170
1066,275,69032,80170
1067,1879,69030,80170
1068,1887,69030,80170
1069,276,69030,80170
1070,277,69030,80170
1071,1884,68838,80170
1072,278,68838,80170
1073,1866,68832,80170
1074,1888,68832,80170
1075,279,68832,80170
1076,280,68832,80170
1077,1885,68640,80170
1078,281,68640,80170
1079,1868,68634,80170
1080,1881,68632,80170
1081,1889,68632,80170
1082,300,68632,80170
1083,301,68632,80170
1084,1896,68600,80170
1085,302,68600,80170
1086,1902,68600,80170
1087,303,68600,80170
1088,304,68600,80170
1089,1897,68568,80170
1090,305,68568,80170
1091,1891,68564,80170
1092,1903,68564,80170
1093,318,68564,80170
1094,1890,68562,80170
1095,306,68562,80170
1096,307,68562,80170
1097,1898,68530,80170
1098,308,68530,80170
1099,1904,68530,80170
1100,309,68530,80170
1101,310,68530,80170
1102,1899,68498,80170
1103,311,68498,80170
1104,1893,68494,80170
1105,1905,68494,80170
1106,319,68494,80170
1107,1892,68492,80170
1108,312,68492,80170
1109,313,68492,80170
1110,1900,68460,80170
1111,314,68460,80170
1112,1906,68460,80170
1113,315,68460,80170
1114,316,68460,80170
1115,1901,68428,80170
1116,317,68428,80170
1117,1895,68424,80170
1118,1907,68424,80170
1119,320,68424,80170
1120,1894,68422,80170
1121,345,68422,80170
1122,346,68422,80170
1123,1916,68406,80170
1124,347,68406,80170
1125,1924,68406,80170
1126,348,68406,80170
1127,349,68406,80170
1128,1917,68390,80170
1129,350,68390,80170
1130,1909,68388,80170
1131,1925,68388,80170
1132,351,68388,80170
1133,352,68388,80170
1134,1918,68372,80170
1135,353,68372,80170
1136,1926,68372,80170
1137,354,68372,80170
1138,355,68372,80170
1139,1919,68356,80170
1140,356,68356,80170
1141,1911,68354,80170
1142,1927,68354,80170
1143,357,68354,80170
1144,358,68354,80170
1145,1920,68338,80170
1146,359,68338,80170
1147,1928,68338,80170
1148,360,68338,80170
1149,361,68338,80170
1150,1921,68322,80170
1151,362,68322,80170
1152,1913,68320,80170
1153,1929,68320,80170
1154,363,68320,80170
1155,364,68320,80170
1156,1922,68304,80170
1157,365,68304,80170
1158,1930,68304,80170
1159,366,68304,80170
1160,367,68304,80170
1161,1923,68288,80170
1162,368,68288,80170
1163,1915,68286,80170
1164,1931,68286,80170
1165,393,68286,80170
1166,394,68286,80170
1167,1940,68270,80170
1168,395,68270,80170
1169,1948,68270,80170
1170,396,68270,80170
1171,397,68270,80170
1172,1941,68254,80170
1173,398,68254,80170
1174,1933,68252,80170
1175,1949,68252,80170
1176,399,68252,80170
1177,400,68252,80170
1178,1942,68236,80170
1179,401,68236,80170
1180,1950,68236,80170
1181,402,68236,80170
1182,403,68236,80170
1183,1943,68220,80170
1184,404,68220,80170
1185,1935,68218,80170
1186,1951,68218,80170
1187,405,68218,80170
1188,406,68218,80170
1189,1944,68202,80170
1190,407,68202,80170
1191,1952,68202,80170
1192,408,68202,80170
1193,409,68202,80170
1194,1945,68186,80170
1195,410,68186,80170
1196,1937,68184,80170
1197,1953,68184,80170
1198,411,68184,80170
1199,412,68184,80170
1200,1946,68168,80170
1201,413,68168,80170
1202,1954,68168,80170
1203,414,68168,80170
1204,415,68168,80170
1205,1947,68152,80170
1206,416,68152,80170
1207,1939,68150,80170
1208,1955,68150,80170
1209,441,68150,80170
1210,442,68150,80170
1211,1964,68134,80170
1212,443,68134,80170
1213,1972,68134,80170
1214,444,68134,80170
1215,445,68134,80170
1216,1965,68118,80170
1217,446,68118,80170
1218,1957,68116,80170
1219,1973,68116,80170
1220,447,68116,80170
1221,448,68116,80170
1222,1966,68100,80170
1223,449,68100,80170
1224,1974,68100,80170
1225,450,68100,80170
1226,451,68100,80170
1227,1967,68084,80170
1228,452,68084,80170
1229,1959,68082,80170
1230,1975,68082,80170
1231,453,68082,80170
1232,454,68082,80170
1233,1968,68066,80170
1234,455,68066,80170
1235,1976,68066,80170
1236,456,68066,80170
1237,457,68066,80170
1238,1969,68050,80170
1239,458,68050,80170
1240,1961,68048,80170
1241,1977,68048,80170
1242,459,68048,80170
1243,460,68048,80170
1244,1970,68032,80170
1245,461,68032,80170
1246,1878,68031,80170
1247,1978,68031,80170
1248,462,68031,80170
1249,463,68031,80170
1250,1971,68015,80170
1251,464,68015,80170
1252,1963,68013,80170
1253,1880,68012,80170
1254,1979,68012,80170
1255,489,68012,80170
1256,490,68012,80170
1257,1988,67868,80170
1258,491,67868,80170
1259,1996,67868,80170
1260,492,67868,80170
1261,493,67868,80170
1262,1989,67724,80170
1263,494,67724,80170
1264,1981,67340,80170
1265,1997,67340,80170
1266,495,67340,80170
1267,496,67340,80170
1268,1990,67196,80170
1269,497,67196,80170
1270,1998,67196,80170
1271,498,67196,80170
1272,499,67196,80170
1273,1991,67052,80170
1274,500,67052,80170
1275,1983,66668,80170
1276,1999,66668,80170
1277,501,66668,80170
1278,502,66668,80170
1279,1992,66524,80170
1280,503,66524,80170
1281,2000,66524,80170
1282,504,66524,80170
1283,505,66524,80170
1284,1993,66380,80170
1285,506,66380,80170
1286,1985,65996,80170
1287,2001,65996,80170
1288,507,65996,80170
1289,508,65996,80170
1290,1994,65852,80170
1291,509,65852,80170
1292,2002,65852,80170
1293,510,65852,80170
1294,511,65852,80170
1295,1995,65708,80170
1296,512,65708,80170
1297,1987,65324,80170
1298,2003,65324,80170
1299,553,65324,80170
1300,554,65324,80170
1301,2012,65180,80170
1302,555,65180,80170
1303,2028,65180,80170
1304,556,65180,80170
1305,557,65180,80170
1306,2013,65036,80170
1307,558,65036,80170
1308,2029,65036,80170
1309,559,65036,80170
1310,560,65036,80170
1311,2014,64892,80170
1312,561,64892,80170
1313,2030,64892,80170
1314,562,64892,80170
1315,563,64892,80170
1316,2015,64748,80170
1317,564,64748,80170
1318,2005,64364,80170
1319,2031,64364,80170
1320,565,64364,80170
1321,566,64364,80170
1322,2016,64220,80170
1323,567,64220,80170
1324,2032,64220,80170
1325,568,64220,80170
1326,569,64220,80170
1327,2017,64076,80170
1328,570,64076,80170
1329,2033,64076,80170
1330,571,64076,80170
1331,572,64076,80170
1332,2018,63932,80170
1333,573,63932,80170
1334,2034,63932,80170
1335,574,63932,80170
1336,575,63932,80170
1337,2019,63788,80170
1338,576,63788,80170
1339,2007,63404,80170
1340,2035,63404,80170
1341,577,63404,80170
1342,578,63404,80170
1343,2020,63260,80170
1344,579,63260,80170
1345,2036,63260,80170
1346,580,63260,80170
1347,581,63260,80170
1348,2021,63116,80170
1349,582,63116,80170
1350,2037,63116,80170
1351,583,63116,80170
1352,584,63116,80170
1353,2022,62972,80170
1354,585,62972,80170
1355,2038,62972,80170
1356,586,62972,80170
1357,587,62972,80170
1358,2023,62828,80170
1359,588,62828,80170
1360,2009,62444,80170
1361,2039,62444,80170
1362,589,62444,80170
1363,590,62444,80170
1364,2024,62300,80170
1365,591,62300,80170
1366,1980,62204,80170
1367,2040,62204,80170
1368,592,62204,80170
1369,593,62204,80170
1370,2025,62060,80170
1371,594,62060,80170
1372,1982,61964,80170
1373,2041,61964,80170
1374,595,61964,80170
1375,596,61964,80170
1376,2026,61820,80170
1377,597,61820,80170
1378,1984,61724,80170
1379,2042,61724,80170
1380,598,61724,80170
1381,599,61724,80170
1382,2027,61580,80170
1383,600,61580,80170
1384,2011,61196,80170
1385,1986,61100,80170
1386,2043,61100,80170
1387,641,61100,80170
1388,642,61100,80170
1389,2052,60956,80170
1390,643,60956,80170
1391,2068,60956,80170
1392,644,60956,80170
1393,645,60956,80170
1394,2053,60812,80170
1395,646,60812,80170
1396,2069,60812,80170
1397,647,60812,80170
1398,648,60812,80170
1399,2054,60668,80170
1400,649,60668,80170
1401,2070,60668,80170
1402,650,60668,80170
1403,651,60668,80170
1404,2055,60524,80170
1405,652,60524,80170
1406,2045,60428,80170
1407,2071,60428,80170
1408,653,60428,80170
1409,654,60428,80170
1410,2056,60284,80170
1411,655,60284,80170
1412,2072,60284,80170
1413,656,60284,80170
1414,657,60284,80170
1415,2057,60140,80170
1416,658,60140,80170
1417,2073,60140,80170
1418,659,60140,80170
1419,660,60140,80170
1420,2058,59996,80170
1421,661,59996,80170
1422,2074,59996,80170
1423,662,59996,80170
1424,663,59996,80170
1425,2059,59852,80170
1426,664,59852,80170
1427,2047,59756,80170
1428,2075,59756,80170
1429,665,59756,80170
1430,666,59756,80170
1431,2060,59612,80170
1432,667,59612,80170
1433,2076,59612,80170
1434,668,59612,80170
1435,669,59612,80170
1436,2061,59468,80170
1437,670,59468,80170
1438,2077,59468,80170
1439,671,59468,80170
1440,672,59468,80170
1441,2062,59324,80170
1442,673,59324,80170
1443,2078,59324,80170
1444,674,59324,80170
1445,675,59324,80170
1446,2063,59180,80170
1447,676,59180,80170
1448,2049,59084,80170
1449,2079,59084,80170
1450,677,59084,80170
1451,678,59084,80170
1452,2064,58940,80170
1453,679,58940,80170
1454,2080,58940,80170
1455,680,58940,80170
1456,681,58940,80170
1457,2065,58796,80170
1458,682,58796,80170
1459,2081,58796,80170
1460,683,58796,80170
1461,684,58796,80170
1462,2066,58652,80170
1463,685,58652,80170
1464,2082,58652,80170
1465,686,58652,80170
1466,687,58652,80170
1467,2067,58508,80170
1468,688,58508,80170
1469,2051,58412,80170
1470,2083,58412,80170
1471,729,58412,80170
1472,730,58412,80170
1473,2092,58268,80170
1474,731,58268,80170
1475,2108,58268,80170
1476,732,58268,80170
1477,733,58268,80170
1478,2093,58124,80170
1479,734,58124,80170
1480,2109,58124,80170
1481,735,58124,80170
1482,736,58124,80170
1483,2094,57980,80170
1484,737,57980,80170
1485,2110,57980,80170
1486,738,57980,80170
1487,739,57980,80170
1488,2095,57836,80170
1489,740,57836,80170
1490,2085,57740,80170
1491,1908,57739,80170
1492,2111,57739,80170
1493,741,57739,80170
1494,742,57739,80170
1495,2096,57595,80170
1496,743,57595,80170
1497,2112,57595,80170
1498,744,57595,80170
1499,745,57595,80170
1500,2097,57451,80170
1501,746,57451,80170
1502,2113,57451,80170
1503,747,57451,80170
1504,748,57451,80170
1505,2098,57307,80170
1506,749,57307,80170
1507,2114,57307,80170
1508,750,57307,80170
1509,751,57307,80170
1510,2099,57163,80170
1511,752,57163,80170
1512,2087,57067,80170
1513,1910,57066,80170
1514,2115,57066,80170
1515,753,57066,80170
1516,754,57066,80170
1517,2100,56922,80170
1518,755,56922,80170
1519,2116,56922,80170
1520,756,56922,80170
1521,757,56922,80170
1522,2101,56778,80170
1523,758,56778,80170
1524,2117,56778,80170
1525,759,56778,80170
1526,760,56778,80170
1527,2102,56634,80170
1528,761,56634,80170
1529,2118,56634,80170
1530,762,56634,80170
1531,763,56634,80170
1532,2103,56490,80170
1533,764,56490,80170
1534,2089,56394,80170
1535,1912,56393,80170
1536,2119,56393,80170
1537,765,56393,80170
1538,766,56393,80170
1539,2104,56249,80170
1540,767,56249,80170
1541,2044,56225,80170
1542,2120,56225,80170
1543,768,56225,80170
1544,769,56225,80170
1545,2105,56081,80170
1546,770,56081,80170
1547,2046,56057,80170
1548,2121,56057,80170
1549,771,56057,80170
1550,772,56057,80170
1551,2106,55913,80170
1552,773,55913,80170
1553,2048,55889,80170
1554,2122,55889,80170
1555,774,55889,80170
1556,775,55889,80170
1557,2107,55745,80170
1558,776,55745,80170
1559,2091,55649,80170
1560,2050,55625,80170
1561,1914,55624,80170
1562,2123,55624,80170
1563,780,55624,80170
1564,781,55624,80170
1565,2125,55560,80170
1566,782,55560,80170
1567,2126,55560,80170
1568,786,55560,80170
1569,787,55560,80170
1570,2128,55496,80170
1571,788,55496,80170
1572,2129,55496,80170
1573,792,55496,80170
1574,793,55496,80170
1575,2131,55432,80170
1576,794,55432,80170
1577,2132,55432,80170
1578,798,55432,80170
1579,799,55432,80170
1580,2134,55368,80170
1581,800,55368,80170
1582,2135,55368,80170
1583,804,55368,80170
1584,805,55368,80170
1585,2137,55304,80170
1586,806,55304,80170
1587,2138,55304,80170
1588,810,55304,80170
1589,811,55304,80170
1590,2140,55240,80170
1591,812,55240,80170
1592,2141,55240,80170
1593,816,55240,80170
1594,817,55240,80170
1595,2143,55176,80170
1596,818,55176,80170
1597,2144,55176,80170
1598,822,55176,80170
1599,823,55176,80170
1600,2146,55112,80170
1601,824,55112,80170
1602,2147,55112,80170
1603,828,55112,80170
1604,829,55112,80170
1605,2149,55048,80170
1606,830,55048,80170
1607,2150,55048,80170
1608,834,55048,80170
1609,835,55048,80170
1610,2152,54984,80170
1611,836,54984,80170
1612,2153,54984,80170
1613,840,54984,80170
1614,841,54984,80170
1615,2155,54920,80170
1616,842,54920,80170
1617,2156,54920,80170
1618,846,54920,80170
1619,847,54920,80170
1620,2158,54856,80170
1621,848,54856,80170
1622,2159,54856,80170
1623,852,54856,80170
1624,853,54856,80170
1625,2161,54792,80170
1626,854,54792,80170
1627,2084,54744,80170
1628,2162,54744,80170
1629,875,54744,80170
1630,2173,54552,80170
1631,2124,54504,80170
1632,2136,54456,80170
1633,2148,54408,80170
1634,2160,54360,80170
1635,858,54360,80170
1636,859,54360,80170
1637,2164,54296,80170
1638,860,54296,80170
1639,2086,54248,80170
1640,2165,54248,80170
1641,878,54248,80170
1642,2175,54056,80170
1643,2127,54008,80170
1644,2139,53960,80170
1645,2151,53912,80170
1646,2163,53864,80170
1647,864,53864,80170
1648,865,53864,80170
1649,2167,53800,80170
1650,866,53800,80170
1651,2088,53752,80170
1652,2168,53752,80170
1653,881,53752,80170
1654,2177,53560,80170
1655,2130,53512,80170
1656,2142,53464,80170
1657,2154,53416,80170
1658,2166,53368,80170
1659,870,53368,80170
1660,871,53368,80170
1661,2170,53304,80170
1662,872,53304,80170
1663,2090,53256,80170
1664,2171,53256,80170
1665,884,53256,80170
1666,2179,53064,80170
1667,2133,53016,80170
1668,2145,52968,80170
1669,2157,52920,80170
1670,2169,52872,80170
1671,925,52872,80170
1672,926,52872,80170
1673,2188,52728,80170
1674,927,52728,80170
1675,2204,52728,80170
1676,928,52728,80170
1677,929,52728,80170
1678,2189,52584,80170
1679,930,52584,80170
1680,2205,52584,80170
1681,931,52584,80170
1682,932,52584,80170
1683,2190,52440,80170
1684,933,52440,80170
1685,2206,52440,80170
1686,934,52440,80170
1687,935,52440,80170
1688,2191,52296,80170
1689,936,52296,80170
1690,2181,51912,80170
1691,2172,51720,80170
1692,2207,51720,80170
1693,937,51720,80170
1694,938,51720,80170
1695,2192,51576,80170
1696,939,51576,80170
1697,2208,51576,80170
1698,940,51576,80170
1699,941,51576,80170
1700,2193,51432,80170
1701,942,51432,80170
1702,2209,51432,80170
1703,943,51432,80170
1704,944,51432,80170
1705,2194,51288,80170
1706,945,51288,80170
1707,2210,51288,80170
1708,946,51288,80170
1709,947,51288,80170
1710,2195,51144,80170
1711,948,51144,80170
1712,2183,50760,80170
1713,2174,50568,80170
1714,2211,50568,80170
1715,949,50568,80170
1716,950,50568,80170
1717,2196,50424,80170
1718,951,50424,80170
1719,2212,50424,80170
1720,952,50424,80170
1721,953,50424,80170
1722,2197,50280,80170
1723,954,50280,80170
1724,2213,50280,80170
1725,955,50280,80170
1726,956,50280,80170
1727,2198,50136,80170
1728,957,50136,80170
1729,2214,50136,80170
1730,958,50136,80170
1731,959,50136,80170
1732,2199,49992,80170
1733,960,49992,80170
1734,2185,49608,80170
1735,2176,49416,80170
1736,2215,49416,80170
1737,961,49416,80170
1738,962,49416,80170
1739,2200,49272,80170
1740,963,49272,80170
1741,2004,49176,80170
1742,2216,49176,80170
1743,964,49176,80170
1744,965,49176,80170
1745,2201,49032,80170
1746,966,49032,80170
1747,2006,48936,80170
1748,2217,48936,80170
1749,967,48936,80170
1750,968,48936,80170
1751,2202,48792,80170
1752,969,48792,80170
1753,2008,48696,80170
1754,2218,48696,80170
1755,970,48696,80170
1756,971,48696,80170
1757,2203,48552,80170
1758,972,48552,80170
1759,2187,48168,80170
1760,2178,47976,80170
1761,2010,47880,80170
1762,2219,47880,80170
1763,1013,47880,80170
1764,1014,47880,80170
1765,2228,47736,80170
1766,1015,47736,80170
1767,2244,47736,80170
1768,1016,47736,80170
1769,1017,47736,80170
1770,2229,47592,80170
1771,1018,47592,80170
1772,2245,47592,80170
1773,1019,47592,80170
1774,1020,47592,80170
1775,2230,47448,80170
1776,1021,47448,80170
1777,2246,47448,80170
1778,1022,47448,80170
1779,1023,47448,80170
1780,2231,47304,80170
1781,1024,47304,80170
1782,2221,46920,80170
1783,1932,46919,80170
1784,2247,46919,80170
1785,1025,46919,80170
1786,1026,46919,80170
1787,2232,46775,80170
1788,1027,46775,80170
1789,2248,46775,80170
1790,1028,46775,80170
1791,1029,46775,80170
1792,2233,46631,80170
1793,1030,46631,80170
1794,2249,46631,80170
1795,1031,46631,80170
1796,1032,46631,80170
1797,2234,46487,80170
1798,1033,46487,80170
1799,2250,46487,80170
1800,1034,46487,80170
1801,1035,46487,80170
1802,2235,46343,80170
1803,1036,46343,80170
1804,2223,45959,80170
1805,1934,45958,80170
1806,2251,45958,80170
1807,1037,45958,80170
1808,1038,45958,80170
1809,2236,45814,80170
1810,1039,45814,80170
1811,2252,45814,80170
1812,1040,45814,80170
1813,1041,45814,80170
1814,2237,45670,80170
1815,1042,45670,80170
1816,2253,45670,80170
1817,1043,45670,80170
1818,1044,45670,80170
1819,2238,45526,80170
1820,1045,45526,80170
1821,2254,45526,80170
1822,1046,45526,80170
1823,1047,45526,80170
1824,2239,45382,80170
1825,1048,45382,80170
1826,2225,44998,80170
1827,1936,44997,80170
1828,2255,44997,80170
1829,1049,44997,80170
1830,1050,44997,80170
1831,2240,44853,80170
1832,1051,44853,80170
1833,2180,44757,80170
1834,2256,44757,80170
1835,1052,44757,80170
1836,1053,44757,80170
1837,2241,44613,80170
1838,1054,44613,80170
1839,2182,44517,80170
1840,2257,44517,80170
1841,1055,44517,80170
1842,1056,44517,80170
1843,2242,44373,80170
1844,1057,44373,80170
1845,2184,44277,80170
1846,2258,44277,80170
1847,1058,44277,80170
1848,1059,44277,80170
1849,2243,44133,80170
1850,1060,44133,80170
1851,2227,43749,80170
1852,2186,43653,80170
1853,1938,43652,80170
1854,2259,43652,80170
1855,1064,43652,80170
1856,1065,43652,80170
1857,2261,43588,80170
1858,1066,43588,80170
1859,2262,43588,80170
1860,1070,43588,80170
1861,1071,43588,80170
1862,2264,43524,80170
1863,1072,43524,80170
1864,2265,43524,80170
1865,1076,43524,80170
1866,1077,43524,80170
1867,2267,43460,80170
1868,1078,43460,80170
1869,2268,43460,80170
1870,1082,43460,80170
1871,1083,43460,80170
1872,2270,43396,80170
1873,1084,43396,80170
1874,2271,43396,80170
1875,1088,43396,80170
1876,1089,43396,80170
1877,2273,43332,80170
1878,1090,43332,80170
1879,2274,43332,80170
1880,1094,43332,80170
1881,1095,43332,80170
1882,2276,43268,80170
1883,1096,43268,80170
1884,2277,43268,80170
1885,1100,43268,80170
1886,1101,43268,80170
1887,2279,43204,80170
1888,1102,43204,80170
1889,2280,43204,80170
1890,1106,43204,80170
1891,1107,43204,80170
1892,2282,43140,80170
1893,1108,43140,80170
1894,2283,43140,80170
1895,1112,43140,80170
1896,1113,43140,80170
1897,2285,43076,80170
1898,1114,43076,80170
1899,2286,43076,80170
1900,1118,43076,80170
1901,1119,43076,80170
1902,2288,43012,80170
1903,1120,43012,80170
1904,2289,43012,80170
1905,1124,43012,80170
1906,1125,43012,80170
1907,2291,42948,80170
1908,1126,42948,80170
1909,2292,42948,80170
1910,1130,42948,80170
1911,1131,42948,80170
1912,2294,42884,80170
1913,1132,42884,80170
1914,2295,42884,80170
1915,1136,42884,80170
1916,1137,42884,80170
1917,2297,42820,80170
1918,1138,42820,80170
1919,2220,42628,80170
1920,2298,42628,80170
1921,1159,42628,80170
1922,2309,41860,80170
1923,2260,41668,80170
1924,2272,41476,80170
1925,2284,41284,80170
1926,2296,41092,80170
1927,1142,41092,80170
1928,1143,41092,80170
1929,2300,41028,80170
1930,1144,41028,80170
1931,2222,40836,80170
1932,2301,40836,80170
1933,1162,40836,80170
1934,2311,40068,80170
1935,2263,39876,80170
1936,2275,39684,80170
1937,2287,39492,80170
1938,2299,39300,80170
1939,1148,39300,80170
1940,1149,39300,80170
1941,2303,39236,80170
1942,1150,39236,80170
1943,2224,39044,80170
1944,2304,39044,80170
1945,1165,39044,80170
1946,2313,38276,80170
1947,2266,38084,80170
1948,2278,37892,80170
1949,2290,37700,80170
1950,2302,37508,80170
1951,1154,37508,80170
1952,1155,37508,80170
1953,2306,37444,80170
1954,1156,37444,80170
1955,2226,37252,80170
1956,2307,37252,80170
1957,1168,37252,80170
1958,2315,36484,80170
1959,2269,36292,80170
1960,2281,36100,80170
1961,2293,35908,80170
1962,2305,35716,80170
1963,1193,35716,80170
1964,1194,35716,80170
1965,2324,35572,80170
1966,1170,37108,80170
1967,1195,37108,80170
1968,2332,37108,80170
1969,1196,37108,80170
1970,1197,37108,80170
1971,2325,36964,80170
1972,1198,36964,80170
1973,2317,35428,80170
1974,2308,34660,80170
1975,2333,34660,80170
1976,1199,34660,80170
1977,1200,34660,80170
1978,2326,34516,80170
1979,1172,36052,80170
1980,1201,36052,80170
1981,2334,36052,80170
1982,1202,36052,80170
1983,1203,36052,80170
1984,2327,35908,80170
1985,1204,35908,80170
1986,2319,34372,80170
1987,2310,33604,80170
1988,2335,33604,80170
1989,1205,33604,80170
1990,1206,33604,80170
1991,2328,33460,80170
1992,1174,34996,80170
1993,1207,34996,80170
1994,2336,34996,80170
1995,1208,34996,80170
1996,1209,34996,80170
1997,2329,34852,80170
1998,1210,34852,80170
1999,2321,33316,80170
2000,2312,32548,80170
2001,2337,32548,80170
2002,1211,32548,80170
2003,1212,32548,80170
2004,2330,32404,80170
2005,1176,33940,80170
2006,1213,33940,80170
2007,1818,33556,80170
2008,2338,33556,80170
2009,1214,33556,80170
2010,1215,33556,80170
2011,2331,33412,80170
2012,1216,33412,80170
2013,2323,31876,80170
2014,2314,31108,80170
2015,1820,30724,80170
2016,2339,30724,80170
2017,1257,30724,80170
2018,1258,30724,80170
2019,2348,30580,80170
2020,1218,32116,80170
2021,1259,32116,80170
2022,2364,32116,80170
2023,1260,32116,80170
2024,1261,32116,80170
2025,2349,31972,80170
2026,1262,31972,80170
2027,2365,31972,80170
2028,1263,31972,80170
2029,1264,31972,80170
2030,2350,31828,80170
2031,1265,31828,80170
2032,2366,31828,80170
2033,1266,31828,80170
2034,1267,31828,80170
2035,2351,31684,80170
2036,1268,31684,80170
2037,2341,30148,80170
2038,2367,30148,80170
2039,1269,30148,80170
2040,1270,30148,80170
2041,2352,30004,80170
2042,1220,31540,80170
2043,1271,31540,80170
2044,2368,31540,80170
2045,1272,31540,80170
2046,1273,31540,80170
2047,2353,31396,80170
2048,1274,31396,80170
2049,2369,31396,80170
2050,1275,31396,80170
2051,1276,31396,80170
2052,2354,31252,80170
2053,1277,31252,80170
2054,2370,31252,80170
2055,1278,31252,80170
2056,1279,31252,80170
2057,2355,31108,80170
2058,1280,31108,80170
2059,2343,29572,80170
2060,2371,29572,80170
2061,1281,29572,80170
2062,1282,29572,80170
2063,2356,29428,80170
2064,1222,30964,80170
2065,1283,30964,80170
2066,2372,30964,80170
2067,1284,30964,80170
2068,1285,30964,80170
2069,2357,30820,80170
2070,1286,30820,80170
2071,2373,30820,80170
2072,1287,30820,80170
2073,1288,30820,80170
2074,2358,30676,80170
2075,1289,30676,80170
2076,2374,30676,80170
2077,1290,30676,80170
2078,1291,30676,80170
2079,2359,30532,80170
2080,1292,30532,80170
2081,2345,28996,80170
2082,2375,28996,80170
2083,1293,28996,80170
2084,1294,28996,80170
2085,2360,28852,80170
2086,1224,30388,80170
2087,1295,30388,80170
2088,2316,30004,80170
2089,2376,30004,80170
2090,1296,30004,80170
2091,1297,30004,80170
2092,2361,29860,80170
2093,1298,29860,80170
2094,2318,29476,80170
2095,2377,29476,80170
2096,1299,29476,80170
2097,1300,29476,80170
2098,2362,29332,80170
2099,1301,29332,80170
2100,2320,28948,80170
2101,2378,28948,80170
2102,1302,28948,80170
2103,1303,28948,80170
2104,2363,28804,80170
2105,1304,28804,80170
2106,2347,27268,80170
2107,2322,26884,80170
2108,2379,26884,80170
2109,1345,26884,80170
2110,1346,26884,80170
2111,2388,26740,80170
2112,1306,28276,80170
2113,1347,28276,80170
2114,2404,28276,80170
2115,1348,28276,80170
2116,1349,28276,80170
2117,2389,28132,80170
2118,1350,28132,80170
2119,2405,28132,80170
2120,1351,28132,80170
2121,1352,28132,80170
2122,2390,27988,80170
2123,1353,27988,80170
2124,2406,27988,80170
2125,1354,27988,80170
2126,1355,27988,80170
2127,2391,27844,80170
2128,1356,27844,80170
2129,2381,26308,80170
2130,1956,26307,80170
2131,2407,26307,80170
2132,1357,26307,80170
2133,1358,26307,80170
2134,2392,26163,80170
2135,1308,27699,80170
2136,1359,27699,80170
2137,2408,27699,80170
2138,1360,27699,80170
2139,1361,27699,80170
2140,2393,27555,80170
2141,1362,27555,80170
2142,2409,27555,80170
2143,1363,27555,80170
2144,1364,27555,80170
2145,2394,27411,80170
2146,1365,27411,80170
2147,2410,27411,80170
2148,1366,27411,80170
2149,1367,27411,80170
2150,2395,27267,80170
2151,1368,27267,80170
2152,2383,25731,80170
2153,1958,25730,80170
2154,2411,25730,80170
2155,1369,25730,80170
2156,1370,25730,80170
2157,2396,25586,80170
2158,1310,27122,80170
2159,1371,27122,80170
2160,2412,27122,80170
2161,1372,27122,80170
2162,1373,27122,80170
2163,2397,26978,80170
2164,1374,26978,80170
2165,2413,26978,80170
2166,1375,26978,80170
2167,1376,26978,80170
2168,2398,26834,80170
2169,1377,26834,80170
2170,2414,26834,80170
2171,1378,26834,80170
2172,1379,26834,80170
2173,2399,26690,80170
2174,1380,26690,80170
2175,2385,25154,80170
2176,1960,25153,80170
2177,2415,25153,80170
2178,1381,25153,80170
2179,1382,25153,80170
2180,2400,25009,80170
2181,1312,26545,80170
2182,1383,26545,80170
2183,2340,26161,80170
2184,2416,26161,80170
2185,1384,26161,80170
2186,1385,26161,80170
2187,2401,26017,80170
2188,1386,26017,80170
2189,2342,25633,80170
2190,2417,25633,80170
2191,1387,25633,80170
2192,1388,25633,80170
2193,2402,25489,80170
2194,1389,25489,80170
2195,2344,25105,80170
2196,2418,25105,80170
2197,1390,25105,80170
2198,1391,25105,80170
2199,2403,24961,80170
2200,1392,24961,80170
2201,2387,23425,80170
2202,2346,23041,80170
2203,1962,23040,80170
2204,2419,23040,80170
2205,1433,23040,80170
2206,1434,23040,80170
2207,2428,22896,80170
2208,1394,24432,80170
2209,1435,24432,80170
2210,2444,24432,80170
2211,1436,24432,80170
2212,1437,24432,80170
2213,2429,24288,80170
2214,1438,24288,80170
2215,2445,24288,80170
2216,1439,24288,80170
2217,1440,24288,80170
2218,2430,24144,80170
2219,1441,24144,80170
2220,2446,24144,80170
2221,1442,24144,80170
2222,1443,24144,80170
2223,2431,24000,80170
2224,1444,24000,80170
2225,2421,22464,80170
2226,2447,22464,80170
2227,1445,22464,80170
2228,1446,22464,80170
2229,2432,22320,80170
2230,1396,23856,80170
2231,1447,23856,80170
2232,2448,23856,80170
2233,1448,23856,80170
2234,1449,23856,80170
2235,2433,23712,80170
2236,1450,23712,80170
2237,2449,23712,80170
2238,1451,23712,80170
2239,1452,23712,80170
2240,2434,23568,80170
2241,1453,23568,80170
2242,2450,23568,80170
2243,1454,23568,80170
2244,1455,23568,80170
2245,2435,23424,80170
2246,1456,23424,80170
2247,2423,21888,80170
2248,2451,21888,80170
2249,1457,21888,80170
2250,1458,21888,80170
2251,2436,21744,80170
2252,1398,23280,80170
2253,1459,23280,80170
2254,2452,23280,80170
2255,1460,23280,80170
2256,1461,23280,80170
2257,2437,23136,80170
2258,1462,23136,80170
2259,2453,23136,80170
2260,1463,23136,80170
2261,1464,23136,80170
2262,2438,22992,80170
2263,1465,22992,80170
2264,2454,22992,80170
2265,1466,22992,80170
2266,1467,22992,80170
2267,2439,22848,80170
2268,1468,22848,80170
2269,2425,21312,80170
2270,2455,21312,80170
2271,1469,21312,80170
2272,1470,21312,80170
2273,2440,21168,80170
2274,1400,22704,80170
2275,1471,22704,80170
2276,2380,22320,80170
2277,2456,22320,80170
2278,1472,22320,80170
2279,1473,22320,80170
2280,2441,22176,80170
2281,1474,22176,80170
2282,2382,21792,80170
2283,2457,21792,80170
2284,1475,21792,80170
2285,1476,21792,80170
2286,2442,21648,80170
2287,1477,21648,80170
2288,2384,21264,80170
2289,2458,21264,80170
2290,1478,21264,80170
2291,1479,21264,80170
2292,2443,21120,80170
2293,1480,21120,80170
2294,2427,19584,80170
2295,2386,19200,80170
2296,2459,19200,80170
2297,1521,19200,80170
2298,1522,19200,80170
2299,2468,19056,80170
2300,1482,20592,80170
2301,1523,20592,80170
2302,2484,20592,80170
2303,1524,20592,80170
2304,1525,20592,80170
2305,2469,20448,80170
2306,1526,20448,80170
2307,2485,20448,80170
2308,1527,20448,80170
2309,1528,20448,80170
2310,2470,20304,80170
2311,1529,20304,80170
2312,2486,20304,80170
2313,1530,20304,80170
2314,1531,20304,80170
2315,2471,20160,80170
2316,1532,20160,80170
2317,2461,18624,80170
2318,2487,18624,80170
2319,1533,18624,80170
2320,1534,18624,80170
2321,2472,18480,80170
2322,1484,20016,80170
2323,1535,20016,80170
2324,2488,20016,80170
2325,1536,20016,80170
2326,1537,20016,80170
2327,2473,19872,80170
2328,1538,19872,80170
2329,2489,19872,80170
2330,1539,19872,80170
2331,1540,19872,80170
2332,2474,19728,80170
2333,1541,19728,80170
2334,2490,19728,80170
2335,1542,19728,80170
2336,1543,19728,80170
2337,2475,19584,80170
2338,1544,19584,80170
2339,2463,18048,80170
2340,2491,18048,80170
2341,1545,18048,80170
2342,1546,18048,80170
2343,2476,17904,80170
2344,1486,19440,80170
2345,1547,19440,80170
2346,2492,19440,80170
2347,1548,19440,80170
2348,1549,19440,80170
2349,2477,19296,80170
2350,1550,19296,80170
2351,2493,19296,80170
2352,1551,19296,80170
2353,1552,19296,80170
2354,2478,19152,80170
2355,1553,19152,80170
2356,2494,19152,80170
2357,1554,19152,80170
2358,1555,19152,80170
2359,2479,19008,80170
2360,1556,19008,80170
2361,2465,17472,80170
2362,2495,17472,80170
2363,1557,17472,80170
2364,1558,17472,80170
2365,2480,17328,80170
2366,1488,18864,80170
2367,1559,18864,80170
2368,2420,18096,80170
2369,2496,18096,80170
2370,1560,18096,80170
2371,1561,18096,80170
2372,2481,17952,80170
2373,1562,17952,80170
2374,2422,17184,80170
2375,2497,17184,80170
2376,1563,17184,80170
2377,1564,17184,80170
2378,2482,17040,80170
2379,1565,17040,80170
2380,2424,16272,80170
2381,2498,16272,80170
2382,1566,16272,80170
2383,1567,16272,80170
2384,2483,16128,80170
2385,1568,16128,80170
2386,2467,14592,80170
2387,2426,13824,80170
2388,2499,13824,80170
2389,1609,13824,80170
2390,1610,13824,80170
2391,2508,13680,80170
2392,1570,15216,80170
2393,1611,15216,80170
2394,2524,15216,80170
2395,1612,15216,80170
2396,1613,15216,80170
2397,2509,15072,80170
2398,1614,15072,80170
2399,2525,15072,80170
2400,1615,15072,80170
2401,1616,15072,80170
2402,2510,14928,80170
2403,1617,14928,80170
2404,2526,14928,80170
2405,1618,14928,80170
2406,1619,14928,80170
2407,2511,14784,80170
2408,1620,14784,80170
2409,2501,13248,80170
2410,2527,13248,80170
2411,1621,13248,80170
2412,1622,13248,80170
2413,2512,13104,80170
2414,1572,14640,80170
2415,1623,14640,80170
2416,2528,14640,80170
2417,1624,14640,80170
2418,1625,14640,80170
2419,2513,14496,80170
2420,1626,14496,80170
2421,2529,14496,80170
2422,1627,14496,80170
2423,1628,14496,80170
2424,2514,14352,80170
2425,1629,14352,80170
2426,2530,14352,80170
2427,1630,14352,80170
2428,1631,14352,80170
2429,2515,14208,80170
2430,1632,14208,80170
2431,2503,12672,80170
2432,2531,12672,80170
2433,1633,12672,80170
2434,1634,12672,80170
2435,2516,12528,80170
2436,1574,14064,80170
2437,1635,14064,80170
2438,2532,14064,80170
2439,1636,14064,80170
2440,1637,14064,80170
2441,2517,13920,80170
2442,1638,13920,80170
2443,2533,13920,80170
2444,1639,13920,80170
2445,1640,13920,80170
2446,2518,13776,80170
2447,1641,13776,80170
2448,2534,13776,80170
2449,1642,13776,80170
2450,1643,13776,80170
2451,2519,13632,80170
2452,1644,13632,80170
2453,2505,12096,80170
2454,2535,12096,80170
2455,1645,12096,80170
2456,1646,12096,80170
2457,2520,11952,80170
2458,1576,13488,80170
2459,1647,13488,80170
2460,2460,12720,80170
2461,2536,12720,80170
2462,1648,12720,80170
2463,1649,12720,80170
2464,2521,12576,80170
2465,1650,12576,80170
2466,2462,11808,80170
2467,2537,11808,80170
2468,1651,11808,80170
2469,1652,11808,80170
2470,2522,11664,80170
2471,1653,11664,80170
2472,2464,10896,80170
2473,2538,10896,80170
2474,1654,10896,80170
2475,1655,10896,80170
2476,2523,10752,80170
2477,1656,10752,80170
2478,2507,9216,80170
2479,2466,8448,80170
2480,2539,8448,80170
2481,1697,8448,80170
2482,1698,8448,80170
2483,2548,8304,80170
2484,1658,9840,80170
2485,1699,9840,80170
2486,2564,9840,80170
2487,1700,9840,80170
2488,1701,9840,80170
2489,2549,9696,80170
2490,1702,9696,80170
2491,2565,9696,80170
2492,1703,9696,80170
2493,1704,9696,80170
2494,2550,9552,80170
2495,1705,9552,80170
2496,2566,9552,80170
2497,1706,9552,80170
2498,1707,9552,80170
2499,2551,9408,80170
2500,1708,9408,80170
2501,2541,7872,80170
2502,2567,7872,80170
2503,1745,7872,80170
2504,2540,7104,80170
2505,1709,7104,80170
2506,1710,7104,80170
2507,2552,6960,80170
2508,1660,8496,80170
2509,1711,8496,80170
2510,2568,8496,80170
2511,1712,8496,80170
2512,1713,8496,80170
2513,2553,8352,80170
2514,1714,8352,80170
2515,2569,8352,80170
2516,1715,8352,80170
2517,1716,8352,80170
2518,2554,8208,80170
2519,1717,8208,80170
2520,2570,8208,80170
2521,1718,8208,80170
2522,1719,8208,80170
2523,2555,8064,80170
2524,1720,8064,80170
2525,2543,6528,80170
2526,2571,6528,80170
2527,1746,6528,80170
2528,2542,5760,80170
2529,1721,5760,80170
2530,1722,5760,80170
2531,2556,5616,80170
2532,1662,7152,80170
2533,1723,7152,80170
2534,2572,7152,80170
2535,1724,7152,80170
2536,1725,7152,80170
2537,2557,7008,80170
2538,1726,7008,80170
2539,2573,7008,80170
2540,1727,7008,80170
2541,1728,7008,80170
2542,2558,6864,80170
2543,1729,6864,80170
2544,2574,6864,80170
2545,1730,6864,80170
2546,1731,6864,80170
2547,2559,6720,80170
2548,1732,6720,80170
2549,2545,5184,80170
2550,2575,5184,80170
2551,1747,5184,80170
2552,2544,4416,80170
2553,1733,4416,80170
2554,1734,4416,80170
2555,2560,4272,80170
2556,1664,5808,80170
2557,1735,5808,80170
2558,2500,5040,80170
2559,2576,5040,80170
2560,1736,5040,80170
2561,1737,5040,80170
2562,2561,4896,80170
2563,1738,4896,80170
2564,2502,4128,80170
2565,2577,4128,80170
2566,1739,4128,80170
2567,1740,4128,80170
2568,2562,3984,80170
2569,1741,3984,80170
2570,2504,3216,80170
2571,2578,3216,80170
2572,1742,3216,80170
2573,1743,3216,80170
2574,2563,3072,80170
2575,1744,3072,80170
2576,2547,1536,80170
2577,2506,768,80170
2578,2579,768,80170
2579,1748,768,80170
2580,2546,0,80170
