buf_id,segment_index,memory_type,size,acquire_node,release_node,acquire_position,release_position,offset,created_by_spill
5,0,L0B,8,8,1754,4,9,0,0
6,0,L0B,8,11,1755,12,18,0,0
15,0,L0B,8,26,1764,21,26,0,0
16,0,L0B,8,29,1765,29,35,0,0
17,0,L0B,8,32,1766,38,44,0,0
18,0,L0B,8,35,1767,47,54,0,0
27,0,L0B,8,50,1776,57,62,0,0
28,0,L0B,8,53,1777,65,71,0,0
29,0,L0B,8,56,1778,74,80,0,0
30,0,L0B,8,59,1779,83,90,0,0
37,0,L0B,72,72,1786,221,957,0,0
38,0,L0B,72,75,1787,958,965,0,0
43,0,L0B,8,84,1792,966,977,0,0
44,0,L0B,8,87,1793,978,987,0,0
53,0,L0B,72,102,1802,988,993,0,0
54,0,L0B,72,105,1803,994,1003,0,0
55,0,L0B,72,108,1804,1004,1011,0,0
56,0,L0B,72,111,1805,1012,1022,0,0
65,0,L0B,72,126,1814,1023,1029,0,0
66,0,L0B,72,129,1815,1030,1037,0,0
67,0,L0B,72,132,1816,1038,1044,0,0
68,0,L0B,72,135,1817,1045,1052,0,0
77,0,L0B,72,150,1826,1053,1059,0,0
78,0,L0B,72,153,1827,1060,1068,0,0
79,0,L0B,72,156,1828,1069,1076,0,0
80,0,L0B,72,159,1829,1077,1086,0,0
89,0,L0B,72,174,1838,1087,1093,0,0
90,0,L0B,72,177,1839,1094,1101,0,0
91,0,L0B,72,180,1840,1102,1108,0,0
92,0,L0B,72,183,1841,1109,1116,0,0
101,0,L0B,72,198,1850,1117,1123,0,0
102,0,L0B,72,201,1851,1124,1133,0,0
103,0,L0B,72,204,1852,1134,1141,0,0
104,0,L0B,72,207,1853,1142,1152,0,0
113,0,L0B,72,222,1862,1153,1159,0,0
114,0,L0B,72,225,1863,1160,1167,0,0
115,0,L0B,72,228,1864,1168,1175,0,0
116,0,L0B,72,231,1865,1176,1184,0,0
125,0,L0B,72,246,1874,1185,1191,0,0
126,0,L0B,72,249,1875,1192,1199,0,0
127,0,L0B,72,252,1876,1200,1207,0,0
128,0,L0B,72,255,1877,1208,1216,0,0
137,0,L0B,96,270,1886,1217,1223,0,0
138,0,L0B,96,273,1887,1224,1231,0,0
139,0,L0B,96,276,1888,1232,1239,0,0
140,0,L0B,96,279,1889,1240,1248,0,0
153,0,L0B,16,300,1902,1249,1255,0,0
154,0,L0B,16,303,1903,1256,1263,0,0
155,0,L0B,16,306,1904,1266,1272,0,0
156,0,L0B,16,309,1905,1273,1280,0,0
157,0,L0B,16,312,1906,1283,1289,0,0
158,0,L0B,16,315,1907,1290,1297,0,0
175,0,L0B,8,345,1924,1300,1306,0,0
176,0,L0B,8,348,1925,1307,1314,0,0
177,0,L0B,8,351,1926,1315,1321,0,0
178,0,L0B,8,354,1927,1322,1329,0,0
179,0,L0B,8,357,1928,1330,1336,0,0
180,0,L0B,8,360,1929,1337,1344,0,0
181,0,L0B,8,363,1930,1345,1351,0,0
182,0,L0B,8,366,1931,1352,1359,0,0
199,0,L0B,8,393,1948,1360,1366,0,0
200,0,L0B,8,396,1949,1367,1374,0,0
201,0,L0B,8,399,1950,1375,1381,0,0
202,0,L0B,8,402,1951,1382,1389,0,0
203,0,L0B,8,405,1952,1390,1396,0,0
204,0,L0B,8,408,1953,1397,1404,0,0
205,0,L0B,8,411,1954,1405,1411,0,0
206,0,L0B,8,414,1955,1412,1419,0,0
223,0,L0B,8,441,1972,1420,1426,0,0
224,0,L0B,8,444,1973,1427,1434,0,0
225,0,L0B,8,447,1974,1435,1441,0,0
226,0,L0B,8,450,1975,1442,1449,0,0
227,0,L0B,8,453,1976,1450,1456,0,0
228,0,L0B,8,456,1977,1457,1464,0,0
229,0,L0B,8,459,1978,1465,1472,0,0
230,0,L0B,8,462,1979,1473,1481,0,0
247,0,L0B,72,489,1996,1482,1488,0,0
248,0,L0B,72,492,1997,1489,1496,0,0
249,0,L0B,72,495,1998,1497,1503,0,0
250,0,L0B,72,498,1999,1504,1511,0,0
251,0,L0B,72,501,2000,1512,1518,0,0
252,0,L0B,72,504,2001,1519,1526,0,0
253,0,L0B,72,507,2002,1527,1533,0,0
254,0,L0B,72,510,2003,1534,1541,0,0
279,0,L0B,72,553,2028,1542,1548,0,0
280,0,L0B,72,556,2029,1549,1554,0,0
281,0,L0B,72,559,2030,1555,1560,0,0
282,0,L0B,72,562,2031,1561,1568,0,0
283,0,L0B,72,565,2032,1569,1575,0,0
284,0,L0B,72,568,2033,1576,1581,0,0
285,0,L0B,72,571,2034,1582,1587,0,0
286,0,L0B,72,574,2035,1588,1595,0,0
287,0,L0B,72,577,2036,1596,1602,0,0
288,0,L0B,72,580,2037,1603,1608,0,0
289,0,L0B,72,583,2038,1609,1614,0,0
290,0,L0B,72,586,2039,1615,1622,0,0
291,0,L0B,72,589,2040,1623,1630,0,0
292,0,L0B,72,592,2041,1631,1637,0,0
293,0,L0B,72,595,2042,1638,1644,0,0
294,0,L0B,72,598,2043,1645,1653,0,0
319,0,L0B,72,641,2068,1654,1660,0,0
320,0,L0B,72,644,2069,1661,1666,0,0
321,0,L0B,72,647,2070,1667,1672,0,0
322,0,L0B,72,650,2071,1673,1680,0,0
323,0,L0B,72,653,2072,1681,1687,0,0
324,0,L0B,72,656,2073,1688,1693,0,0
325,0,L0B,72,659,2074,1694,1699,0,0
326,0,L0B,72,662,2075,1700,1707,0,0
327,0,L0B,72,665,2076,1708,1714,0,0
328,0,L0B,72,668,2077,1715,1720,0,0
329,0,L0B,72,671,2078,1721,1726,0,0
330,0,L0B,72,674,2079,1727,1734,0,0
331,0,L0B,72,677,2080,1735,1741,0,0
332,0,L0B,72,680,2081,1742,1747,0,0
333,0,L0B,72,683,2082,1748,1753,0,0
334,0,L0B,72,686,2083,1754,1761,0,0
359,0,L0B,72,729,2108,1762,1768,0,0
360,0,L0B,72,732,2109,1769,1774,0,0
361,0,L0B,72,735,2110,1775,1780,0,0
362,0,L0B,72,738,2111,1781,1789,0,0
363,0,L0B,72,741,2112,1790,1796,0,0
364,0,L0B,72,744,2113,1797,1802,0,0
365,0,L0B,72,747,2114,1803,1808,0,0
366,0,L0B,72,750,2115,1809,1817,0,0
367,0,L0B,72,753,2116,1818,1824,0,0
368,0,L0B,72,756,2117,1825,1830,0,0
369,0,L0B,72,759,2118,1831,1836,0,0
370,0,L0B,72,762,2119,1837,1845,0,0
371,0,L0B,72,765,2120,1846,1853,0,0
372,0,L0B,72,768,2121,1854,1860,0,0
373,0,L0B,72,771,2122,1861,1867,0,0
374,0,L0B,72,774,2123,1868,1877,0,0
377,0,L0B,32,780,2126,1878,1884,0,0
380,0,L0B,32,786,2129,1885,1891,0,0
383,0,L0B,32,792,2132,1892,1898,0,0
386,0,L0B,32,798,2135,1899,1905,0,0
389,0,L0B,32,804,2138,1906,1912,0,0
392,0,L0B,32,810,2141,1913,1919,0,0
395,0,L0B,32,816,2144,1920,1926,0,0
398,0,L0B,32,822,2147,1927,1933,0,0
401,0,L0B,32,828,2150,1934,1940,0,0
404,0,L0B,32,834,2153,1941,1947,0,0
407,0,L0B,32,840,2156,1948,1954,0,0
410,0,L0B,32,846,2159,1955,1961,0,0
413,0,L0B,32,852,2162,1962,1969,0,0
416,0,L0B,32,858,2165,1970,1977,0,0
419,0,L0B,32,864,2168,1978,1985,0,0
422,0,L0B,32,870,2171,1986,1993,0,0
455,0,L0B,72,925,2204,1994,2000,0,0
456,0,L0B,72,928,2205,2001,2006,0,0
457,0,L0B,72,931,2206,2007,2012,0,0
458,0,L0B,72,934,2207,2013,2814,0,0
459,0,L0B,72,937,2208,2017,2023,72,0
460,0,L0B,72,940,2209,2024,2029,72,0
461,0,L0B,72,943,2210,2030,2035,72,0
462,0,L0B,72,946,3160,2036,2095,72,0
463,0,L0B,72,949,2212,2040,2046,144,0
464,0,L0B,72,952,2213,2047,2052,144,0
465,0,L0B,72,955,2214,2053,2058,144,0
466,0,L0B,72,958,3156,2059,2063,144,0
467,0,L0B,72,961,2216,2064,2071,144,0
468,0,L0B,72,964,2217,2072,2078,144,0
469,0,L0B,72,967,2218,2079,2085,144,0
470,0,L0B,72,970,3158,2086,2090,144,0
495,0,L0B,72,1013,2244,2091,2817,144,0
496,0,L0B,72,1016,3162,2096,2100,72,0
497,0,L0B,72,1019,3164,2101,2105,72,0
498,0,L0B,72,1022,3166,2106,2110,72,0
499,0,L0B,72,1025,3168,2111,2115,72,0
500,0,L0B,72,1028,3170,2116,2120,72,0
501,0,L0B,72,1031,3172,2121,2125,72,0
502,0,L0B,72,1034,3174,2126,2130,72,0
503,0,L0B,72,1037,3176,2131,2135,72,0
504,0,L0B,72,1040,3178,2136,2140,72,0
505,0,L0B,72,1043,3180,2141,2145,72,0
506,0,L0B,72,1046,3182,2146,2150,72,0
507,0,L0B,72,1049,3184,2151,2155,72,0
508,0,L0B,72,1052,3186,2156,2160,72,0
509,0,L0B,72,1055,3188,2161,2165,72,0
510,0,L0B,72,1058,3222,2166,2250,72,0
513,0,L0B,32,1064,3190,2170,2174,216,0
516,0,L0B,32,1070,3192,2175,2179,216,0
519,0,L0B,32,1076,3194,2180,2184,216,0
522,0,L0B,32,1082,3196,2185,2189,216,0
525,0,L0B,32,1088,3198,2190,2194,216,0
528,0,L0B,32,1094,3200,2195,2199,216,0
531,0,L0B,32,1100,3202,2200,2204,216,0
534,0,L0B,32,1106,3204,2205,2209,216,0
537,0,L0B,32,1112,3206,2210,2214,216,0
540,0,L0B,32,1118,3208,2215,2219,216,0
543,0,L0B,32,1124,3210,2220,2224,216,0
546,0,L0B,32,1130,3212,2225,2229,216,0
549,0,L0B,32,1136,3214,2230,2234,216,0
552,0,L0B,32,1142,3216,2235,2239,216,0
555,0,L0B,32,1148,3218,2240,2244,216,0
558,0,L0B,32,1154,3220,2245,2249,216,0
583,0,L0B,72,1193,2332,2251,2277,72,0
584,0,L0B,72,1196,3264,2278,2282,72,0
585,0,L0B,72,1199,2334,2283,2290,72,0
586,0,L0B,72,1202,3268,2291,2295,72,0
587,0,L0B,72,1205,2336,2296,2303,72,0
588,0,L0B,72,1208,3272,2304,2308,72,0
589,0,L0B,72,1211,2338,2309,2317,72,0
590,0,L0B,72,1214,3276,2318,2322,72,0
615,0,L0B,72,1257,3278,2323,2327,72,0
616,0,L0B,72,1260,3280,2328,2332,72,0
617,0,L0B,72,1263,3282,2333,2337,72,0
618,0,L0B,72,1266,3284,2338,2342,72,0
619,0,L0B,72,1269,3286,2343,2347,72,0
620,0,L0B,72,1272,3288,2348,2352,72,0
621,0,L0B,72,1275,3290,2353,2357,72,0
622,0,L0B,72,1278,3292,2358,2362,72,0
623,0,L0B,72,1281,3294,2363,2367,72,0
624,0,L0B,72,1284,3296,2368,2372,72,0
625,0,L0B,72,1287,3298,2373,2377,72,0
626,0,L0B,72,1290,3300,2378,2382,72,0
627,0,L0B,72,1293,3302,2383,2387,72,0
628,0,L0B,72,1296,3304,2388,2392,72,0
629,0,L0B,72,1299,3306,2393,2397,72,0
630,0,L0B,72,1302,3308,2398,2402,72,0
655,0,L0B,72,1345,3310,2403,2407,72,0
656,0,L0B,72,1348,3312,2408,2412,72,0
657,0,L0B,72,1351,3314,2413,2417,72,0
658,0,L0B,72,1354,3316,2418,2422,72,0
659,0,L0B,72,1357,3318,2423,2427,72,0
660,0,L0B,72,1360,3320,2428,2432,72,0
661,0,L0B,72,1363,3322,2433,2437,72,0
662,0,L0B,72,1366,3324,2438,2442,72,0
663,0,L0B,72,1369,3326,2443,2447,72,0
664,0,L0B,72,1372,3328,2448,2452,72,0
665,0,L0B,72,1375,3330,2453,2457,72,0
666,0,L0B,72,1378,3332,2458,2462,72,0
667,0,L0B,72,1381,3334,2463,2467,72,0
668,0,L0B,72,1384,3336,2468,2472,72,0
669,0,L0B,72,1387,3338,2473,2477,72,0
670,0,L0B,72,1390,3340,2478,2482,72,0
695,0,L0B,72,1433,3342,2483,2487,72,0
696,0,L0B,72,1436,3344,2488,2492,72,0
697,0,L0B,72,1439,3346,2493,2497,72,0
698,0,L0B,72,1442,3348,2498,2502,72,0
699,0,L0B,72,1445,3350,2503,2507,72,0
700,0,L0B,72,1448,3352,2508,2512,72,0
701,0,L0B,72,1451,3354,2513,2517,72,0
702,0,L0B,72,1454,3356,2518,2522,72,0
703,0,L0B,72,1457,3358,2523,2527,72,0
704,0,L0B,72,1460,3360,2528,2532,72,0
705,0,L0B,72,1463,3362,2533,2537,72,0
706,0,L0B,72,1466,3364,2538,2542,72,0
707,0,L0B,72,1469,3366,2543,2547,72,0
708,0,L0B,72,1472,3368,2548,2552,72,0
709,0,L0B,72,1475,3370,2553,2557,72,0
710,0,L0B,72,1478,3372,2558,2562,72,0
735,0,L0B,72,1521,3374,2563,2567,72,0
736,0,L0B,72,1524,3376,2568,2572,72,0
737,0,L0B,72,1527,3378,2573,2577,72,0
738,0,L0B,72,1530,3380,2578,2582,72,0
739,0,L0B,72,1533,3382,2583,2587,72,0
740,0,L0B,72,1536,3384,2588,2592,72,0
741,0,L0B,72,1539,3386,2593,2597,72,0
742,0,L0B,72,1542,3388,2598,2602,72,0
743,0,L0B,72,1545,3390,2603,2607,72,0
744,0,L0B,72,1548,3392,2608,2612,72,0
745,0,L0B,72,1551,3394,2613,2617,72,0
746,0,L0B,72,1554,3396,2618,2622,72,0
747,0,L0B,72,1557,3398,2623,2627,72,0
748,0,L0B,72,1560,3400,2628,2632,72,0
749,0,L0B,72,1563,3402,2633,2637,72,0
750,0,L0B,72,1566,3404,2638,2642,72,0
775,0,L0B,72,1609,3406,2643,2647,72,0
776,0,L0B,72,1612,3408,2648,2652,72,0
777,0,L0B,72,1615,3410,2653,2657,72,0
778,0,L0B,72,1618,3412,2658,2662,72,0
779,0,L0B,72,1621,3414,2663,2667,72,0
780,0,L0B,72,1624,3416,2668,2672,72,0
781,0,L0B,72,1627,3418,2673,2677,72,0
782,0,L0B,72,1630,3420,2678,2682,72,0
783,0,L0B,72,1633,3422,2683,2687,72,0
784,0,L0B,72,1636,3424,2688,2692,72,0
785,0,L0B,72,1639,3426,2693,2697,72,0
786,0,L0B,72,1642,3428,2698,2702,72,0
787,0,L0B,72,1645,3430,2703,2707,72,0
788,0,L0B,72,1648,3432,2708,2712,72,0
789,0,L0B,72,1651,3434,2713,2717,72,0
790,0,L0B,72,1654,3436,2718,2722,72,0
815,0,L0B,72,1697,3438,2723,2727,72,0
816,0,L0B,72,1700,3440,2728,2732,72,0
817,0,L0B,72,1703,3442,2733,2737,72,0
818,0,L0B,72,1706,3444,2738,2742,72,0
819,0,L0B,72,1709,3446,2743,2747,72,0
820,0,L0B,72,1712,3448,2748,2752,72,0
821,0,L0B,72,1715,3450,2753,2757,72,0
822,0,L0B,72,1718,3452,2758,2762,72,0
823,0,L0B,72,1721,3454,2763,2767,72,0
824,0,L0B,72,1724,3456,2768,2772,72,0
825,0,L0B,72,1727,3458,2773,2777,72,0
826,0,L0B,72,1730,3460,2778,2782,72,0
827,0,L0B,72,1733,3462,2783,2787,72,0
828,0,L0B,72,1736,3464,2788,2792,72,0
829,0,L0B,72,1739,3466,2793,2797,72,0
830,0,L0B,72,1742,2579,2798,3569,72,0
499,1,L0B,72,3169,2248,2819,2821,0,1
503,1,L0B,72,3177,2252,2823,2825,0,1
507,1,L0B,72,3185,2256,2827,2830,0,1
462,1,L0B,72,3161,2211,2841,2846,0,1
496,1,L0B,72,3163,2245,2847,2849,0,1
500,1,L0B,72,3171,2249,2850,2852,0,1
504,1,L0B,72,3179,2253,2853,2855,0,1
508,1,L0B,72,3187,2257,2856,2859,0,1
466,1,L0B,72,3157,2215,2873,2878,0,1
497,1,L0B,72,3165,2246,2879,2881,0,1
501,1,L0B,72,3173,2250,2882,2884,0,1
505,1,L0B,72,3181,2254,2885,2887,0,1
509,1,L0B,72,3189,2258,2888,2891,0,1
470,1,L0B,72,3159,2219,2905,2911,0,1
498,1,L0B,72,3167,2247,2913,2918,0,1
502,1,L0B,72,3175,2251,2920,2925,0,1
506,1,L0B,72,3183,2255,2927,2932,0,1
510,1,L0B,72,3223,2259,2934,2940,0,1
513,1,L0B,32,3191,2262,2942,2944,0,1
516,1,L0B,32,3193,2265,2946,2948,0,1
519,1,L0B,32,3195,2268,2950,2952,0,1
522,1,L0B,32,3197,2271,2954,2956,0,1
525,1,L0B,32,3199,2274,2958,2960,0,1
528,1,L0B,32,3201,2277,2962,2964,0,1
531,1,L0B,32,3203,2280,2966,2968,0,1
534,1,L0B,32,3205,2283,2970,2972,0,1
537,1,L0B,32,3207,2286,2974,2976,0,1
540,1,L0B,32,3209,2289,2978,2980,0,1
543,1,L0B,32,3211,2292,2982,2984,0,1
546,1,L0B,32,3213,2295,2986,2988,0,1
549,1,L0B,32,3215,2298,2990,2993,0,1
552,1,L0B,32,3217,2301,2995,2998,0,1
555,1,L0B,32,3219,2304,3000,3003,0,1
558,1,L0B,32,3221,2307,3005,3008,0,1
584,1,L0B,72,3265,2333,3033,3038,0,1
615,1,L0B,72,3279,2364,3040,3042,0,1
619,1,L0B,72,3287,2368,3044,3046,0,1
623,1,L0B,72,3295,2372,3049,3051,0,1
627,1,L0B,72,3303,2376,3054,3057,0,1
586,1,L0B,72,3269,2335,3073,3078,0,1
616,1,L0B,72,3281,2365,3079,3082,0,1
620,1,L0B,72,3289,2369,3083,3086,0,1
624,1,L0B,72,3297,2373,3087,3091,0,1
628,1,L0B,72,3305,2377,3092,3097,0,1
588,1,L0B,72,3273,2337,3113,3118,0,1
617,1,L0B,72,3283,2366,3119,3122,0,1
621,1,L0B,72,3291,2370,3123,3126,0,1
625,1,L0B,72,3299,2374,3127,3131,0,1
629,1,L0B,72,3307,2378,3132,3137,0,1
590,1,L0B,72,3277,2339,3153,3159,0,1
618,1,L0B,72,3285,2367,3161,3165,0,1
622,1,L0B,72,3293,2371,3167,3171,0,1
626,1,L0B,72,3301,2375,3173,3177,0,1
630,1,L0B,72,3309,2379,3179,3184,0,1
655,1,L0B,72,3311,2404,3186,3188,0,1
656,1,L0B,72,3313,2405,3189,3191,0,1
657,1,L0B,72,3315,2406,3192,3194,0,1
658,1,L0B,72,3317,2407,3197,3201,0,1
659,1,L0B,72,3319,2408,3203,3205,0,1
660,1,L0B,72,3321,2409,3206,3208,0,1
661,1,L0B,72,3323,2410,3209,3211,0,1
662,1,L0B,72,3325,2411,3214,3218,0,1
663,1,L0B,72,3327,2412,3220,3222,0,1
664,1,L0B,72,3329,2413,3223,3225,0,1
665,1,L0B,72,3331,2414,3226,3228,0,1
666,1,L0B,72,3333,2415,3232,3236,0,1
667,1,L0B,72,3335,2416,3238,3241,0,1
668,1,L0B,72,3337,2417,3242,3245,0,1
669,1,L0B,72,3339,2418,3246,3249,0,1
670,1,L0B,72,3341,2419,3252,3257,0,1
695,1,L0B,72,3343,2444,3259,3261,0,1
696,1,L0B,72,3345,2445,3262,3265,0,1
697,1,L0B,72,3347,2446,3266,3268,0,1
698,1,L0B,72,3349,2447,3270,3273,0,1
699,1,L0B,72,3351,2448,3275,3277,0,1
700,1,L0B,72,3353,2449,3278,3280,0,1
701,1,L0B,72,3355,2450,3281,3283,0,1
702,1,L0B,72,3357,2451,3286,3289,0,1
703,1,L0B,72,3359,2452,3291,3293,0,1
704,1,L0B,72,3361,2453,3294,3296,0,1
705,1,L0B,72,3363,2454,3297,3299,0,1
706,1,L0B,72,3365,2455,3302,3305,0,1
707,1,L0B,72,3367,2456,3307,3310,0,1
708,1,L0B,72,3369,2457,3311,3314,0,1
709,1,L0B,72,3371,2458,3315,3318,0,1
710,1,L0B,72,3373,2459,3321,3325,0,1
735,1,L0B,72,3375,2484,3327,3330,0,1
736,1,L0B,72,3377,2485,3331,3334,0,1
737,1,L0B,72,3379,2486,3335,3339,0,1
738,1,L0B,72,3381,2487,3342,3345,0,1
739,1,L0B,72,3383,2488,3347,3349,0,1
740,1,L0B,72,3385,2489,3350,3354,0,1
741,1,L0B,72,3387,2490,3355,3359,0,1
742,1,L0B,72,3389,2491,3362,3365,0,1
743,1,L0B,72,3391,2492,3367,3369,0,1
744,1,L0B,72,3393,2493,3370,3374,0,1
745,1,L0B,72,3395,2494,3375,3379,0,1
746,1,L0B,72,3397,2495,3382,3385,0,1
747,1,L0B,72,3399,2496,3387,3390,0,1
748,1,L0B,72,3401,2497,3391,3395,0,1
749,1,L0B,72,3403,2498,3396,3400,0,1
750,1,L0B,72,3405,2499,3402,3406,0,1
775,1,L0B,72,3407,2524,3408,3411,0,1
776,1,L0B,72,3409,2525,3412,3416,0,1
777,1,L0B,72,3411,2526,3417,3419,0,1
778,1,L0B,72,3413,2527,3422,3425,0,1
779,1,L0B,72,3415,2528,3427,3431,0,1
780,1,L0B,72,3417,2529,3432,3434,0,1
781,1,L0B,72,3419,2530,3435,3439,0,1
782,1,L0B,72,3421,2531,3442,3445,0,1
783,1,L0B,72,3423,2532,3447,3449,0,1
784,1,L0B,72,3425,2533,3450,3454,0,1
785,1,L0B,72,3427,2534,3455,3459,0,1
786,1,L0B,72,3429,2535,3462,3465,0,1
787,1,L0B,72,3431,2536,3467,3470,0,1
788,1,L0B,72,3433,2537,3471,3475,0,1
789,1,L0B,72,3435,2538,3476,3480,0,1
790,1,L0B,72,3437,2539,3482,3486,0,1
815,1,L0B,72,3439,2564,3488,3491,0,1
816,1,L0B,72,3441,2565,3492,3496,0,1
817,1,L0B,72,3443,2566,3497,3499,0,1
818,1,L0B,72,3445,2567,3502,3505,0,1
819,1,L0B,72,3447,2568,3509,3512,0,1
820,1,L0B,72,3449,2569,3513,3515,0,1
821,1,L0B,72,3451,2570,3516,3520,0,1
822,1,L0B,72,3453,2571,3523,3526,0,1
823,1,L0B,72,3455,2572,3530,3532,0,1
824,1,L0B,72,3457,2573,3533,3536,0,1
825,1,L0B,72,3459,2574,3537,3541,0,1
826,1,L0B,72,3461,2575,3544,3547,0,1
827,1,L0B,72,3463,2576,3551,3554,0,1
828,1,L0B,72,3465,2577,3555,3559,0,1
829,1,L0B,72,3467,2578,3560,3564,0,1
2,0,L1,1,2,1751,0,17,0,0
3,0,L1,16,4,1752,2,6,1,0
0,0,L1,1,0,1749,7,43,1,0
4,0,L1,16,6,1753,10,14,2,0
1,0,L1,1,1,1750,15,53,2,0
11,0,L1,16,18,1760,19,23,3,0
8,0,L1,2,15,1757,24,34,3,0
12,0,L1,16,20,1761,27,31,5,0
7,0,L1,1,14,1756,32,79,0,0
13,0,L1,16,22,1762,36,40,3,0
10,0,L1,2,17,1759,41,52,3,0
14,0,L1,16,24,1763,45,49,5,0
9,0,L1,1,16,1758,50,89,1,0
23,0,L1,16,42,1772,55,59,2,0
20,0,L1,2,39,1769,60,70,2,0
24,0,L1,16,44,1773,63,67,4,0
19,0,L1,1,38,3118,68,943,4,0
25,0,L1,16,46,1774,72,76,5,0
22,0,L1,2,41,1771,77,88,2,0
26,0,L1,16,48,1775,81,85,5,0
21,0,L1,1,40,3112,86,940,0,0
41,0,L1,16,80,1790,91,968,5,0
42,0,L1,16,82,1791,93,980,21,0
167,0,L1,16,329,2690,95,321,37,0
168,0,L1,16,331,2688,97,320,53,0
169,0,L1,16,333,2686,99,319,69,0
170,0,L1,16,335,2684,101,318,85,0
171,0,L1,16,337,2682,103,317,101,0
172,0,L1,16,339,2680,105,316,117,0
173,0,L1,16,341,2678,107,313,133,0
174,0,L1,16,343,2676,109,312,149,0
191,0,L1,16,377,2674,111,311,165,0
192,0,L1,16,379,2672,113,310,181,0
193,0,L1,16,381,2670,115,309,197,0
194,0,L1,16,383,2668,117,308,213,0
195,0,L1,16,385,2666,119,307,229,0
196,0,L1,16,387,2664,121,306,245,0
197,0,L1,16,389,2662,123,305,261,0
198,0,L1,16,391,2660,125,302,277,0
215,0,L1,16,425,2658,127,301,293,0
216,0,L1,16,427,2656,129,300,309,0
217,0,L1,16,429,2654,131,299,325,0
218,0,L1,16,431,2652,133,298,341,0
219,0,L1,16,433,2650,135,297,357,0
220,0,L1,16,435,2648,137,296,373,0
221,0,L1,16,437,2646,139,295,389,0
222,0,L1,16,439,2644,141,294,405,0
147,0,L1,32,288,2702,143,329,421,0
148,0,L1,32,290,2700,145,328,453,0
149,0,L1,32,292,2698,147,327,485,0
150,0,L1,32,294,2696,149,326,517,0
151,0,L1,32,296,2694,151,325,549,0
152,0,L1,32,298,2692,153,322,581,0
376,0,L1,64,778,2642,155,293,613,0
379,0,L1,64,784,2640,157,292,677,0
382,0,L1,64,790,2638,159,289,741,0
385,0,L1,64,796,2636,161,288,805,0
388,0,L1,64,802,2634,163,287,869,0
391,0,L1,64,808,2632,165,284,933,0
394,0,L1,64,814,2630,167,283,997,0
397,0,L1,64,820,2628,169,282,1061,0
400,0,L1,64,826,2626,171,279,1125,0
403,0,L1,64,832,2624,173,278,1189,0
406,0,L1,64,838,2622,175,277,1253,0
409,0,L1,64,844,2620,177,274,1317,0
412,0,L1,64,850,2618,179,273,1381,0
415,0,L1,64,856,2616,181,272,1445,0
418,0,L1,64,862,2614,183,269,1509,0
421,0,L1,64,868,2612,185,268,1573,0
512,0,L1,64,1062,2610,187,267,1637,0
515,0,L1,64,1068,2608,189,264,1701,0
518,0,L1,64,1074,2606,191,263,1765,0
521,0,L1,64,1080,2604,193,262,1829,0
524,0,L1,64,1086,2602,195,259,1893,0
527,0,L1,64,1092,2600,197,258,1957,0
530,0,L1,64,1098,2598,199,257,2021,0
533,0,L1,64,1104,2596,201,254,2085,0
536,0,L1,64,1110,2594,203,253,2149,0
539,0,L1,64,1116,2592,205,252,2213,0
542,0,L1,64,1122,2590,207,249,2277,0
545,0,L1,64,1128,2588,209,248,2341,0
548,0,L1,64,1134,2586,211,247,2405,0
551,0,L1,64,1140,2584,213,244,2469,0
554,0,L1,64,1146,2582,215,243,2533,0
557,0,L1,64,1152,2580,217,242,2597,0
35,0,L1,144,68,1784,219,223,2661,0
36,0,L1,144,70,1785,224,960,2661,0
49,0,L1,144,94,1798,226,990,2805,0
50,0,L1,144,96,1799,228,996,2949,0
51,0,L1,144,98,3150,230,981,3093,0
52,0,L1,144,100,3148,232,974,3237,0
61,0,L1,144,118,3146,234,973,3381,0
62,0,L1,144,120,3144,236,972,3525,0
63,0,L1,144,122,3142,238,971,3669,0
64,0,L1,144,124,3140,240,970,3813,0
73,0,L1,144,142,3138,245,969,2469,0
74,0,L1,144,144,3136,250,962,2277,0
75,0,L1,144,146,3134,255,961,2085,0
76,0,L1,144,148,3132,260,954,1893,0
85,0,L1,144,166,3130,265,953,1701,0
86,0,L1,144,168,3128,270,950,1509,0
87,0,L1,144,170,3126,275,949,1317,0
88,0,L1,144,172,3124,280,948,1125,0
97,0,L1,144,190,3122,285,947,933,0
98,0,L1,144,192,3120,290,944,741,0
99,0,L1,144,194,3116,303,942,277,0
100,0,L1,144,196,3114,314,941,133,0
109,0,L1,144,214,3102,323,927,581,0
110,0,L1,144,216,2704,330,332,421,0
111,0,L1,144,218,2706,333,335,421,0
112,0,L1,144,220,2708,336,338,421,0
121,0,L1,144,238,2710,339,341,421,0
122,0,L1,144,240,2712,342,344,421,0
123,0,L1,144,242,2714,345,347,421,0
124,0,L1,144,244,2716,348,350,421,0
239,0,L1,144,473,2718,351,353,421,0
240,0,L1,144,475,2720,354,356,421,0
241,0,L1,144,477,2722,357,359,421,0
242,0,L1,144,479,2724,360,362,421,0
243,0,L1,144,481,2726,363,365,421,0
244,0,L1,144,483,2728,366,368,421,0
245,0,L1,144,485,2730,369,371,421,0
246,0,L1,144,487,2732,372,374,421,0
263,0,L1,144,521,2734,375,377,421,0
264,0,L1,144,523,2736,378,380,421,0
265,0,L1,144,525,2738,381,383,421,0
266,0,L1,144,527,2740,384,386,421,0
267,0,L1,144,529,2742,387,389,421,0
268,0,L1,144,531,2744,390,392,421,0
269,0,L1,144,533,2746,393,395,421,0
270,0,L1,144,535,2748,396,398,421,0
271,0,L1,144,537,2750,399,401,421,0
272,0,L1,144,539,2752,402,404,421,0
273,0,L1,144,541,2754,405,407,421,0
274,0,L1,144,543,2756,408,410,421,0
275,0,L1,144,545,2758,411,413,421,0
276,0,L1,144,547,2760,414,416,421,0
277,0,L1,144,549,2762,417,419,421,0
278,0,L1,144,551,2764,420,422,421,0
303,0,L1,144,609,2766,423,425,421,0
304,0,L1,144,611,2768,426,428,421,0
305,0,L1,144,613,2770,429,431,421,0
306,0,L1,144,615,2772,432,434,421,0
307,0,L1,144,617,2774,435,437,421,0
308,0,L1,144,619,2776,438,440,421,0
309,0,L1,144,621,2778,441,443,421,0
310,0,L1,144,623,2780,444,446,421,0
311,0,L1,144,625,2782,447,449,421,0
312,0,L1,144,627,2784,450,452,421,0
313,0,L1,144,629,2786,453,455,421,0
314,0,L1,144,631,2788,456,458,421,0
315,0,L1,144,633,2790,459,461,421,0
316,0,L1,144,635,2792,462,464,421,0
317,0,L1,144,637,2794,465,467,421,0
318,0,L1,144,639,2796,468,470,421,0
343,0,L1,144,697,2798,471,473,421,0
344,0,L1,144,699,2800,474,476,421,0
345,0,L1,144,701,2802,477,479,421,0
346,0,L1,144,703,2804,480,482,421,0
347,0,L1,144,705,2806,483,485,421,0
348,0,L1,144,707,2808,486,488,421,0
349,0,L1,144,709,2810,489,491,421,0
350,0,L1,144,711,2812,492,494,421,0
351,0,L1,144,713,2814,495,497,421,0
352,0,L1,144,715,2816,498,500,421,0
353,0,L1,144,717,2818,501,503,421,0
354,0,L1,144,719,2820,504,506,421,0
355,0,L1,144,721,2822,507,509,421,0
356,0,L1,144,723,2824,510,512,421,0
357,0,L1,144,725,2826,513,515,421,0
358,0,L1,144,727,2828,516,518,421,0
439,0,L1,144,893,2830,519,521,421,0
440,0,L1,144,895,2832,522,524,421,0
441,0,L1,144,897,2834,525,527,421,0
442,0,L1,144,899,2836,528,530,421,0
443,0,L1,144,901,2838,531,533,421,0
444,0,L1,144,903,2840,534,536,421,0
445,0,L1,144,905,2842,537,539,421,0
446,0,L1,144,907,2844,540,542,421,0
447,0,L1,144,909,2846,543,545,421,0
448,0,L1,144,911,2848,546,548,421,0
449,0,L1,144,913,2850,549,551,421,0
450,0,L1,144,915,2852,552,554,421,0
451,0,L1,144,917,2854,555,557,421,0
452,0,L1,144,919,2856,558,560,421,0
453,0,L1,144,921,2858,561,563,421,0
454,0,L1,144,923,2860,564,566,421,0
479,0,L1,144,981,2862,567,569,421,0
480,0,L1,144,983,2864,570,572,421,0
481,0,L1,144,985,2866,573,575,421,0
482,0,L1,144,987,2868,576,578,421,0
483,0,L1,144,989,2870,579,581,421,0
484,0,L1,144,991,2872,582,584,421,0
485,0,L1,144,993,2874,585,587,421,0
486,0,L1,144,995,2876,588,590,421,0
487,0,L1,144,997,2878,591,593,421,0
488,0,L1,144,999,2880,594,596,421,0
489,0,L1,144,1001,2882,597,599,421,0
490,0,L1,144,1003,2884,600,602,421,0
491,0,L1,144,1005,2886,603,605,421,0
492,0,L1,144,1007,2888,606,608,421,0
493,0,L1,144,1009,2890,609,611,421,0
494,0,L1,144,1011,2892,612,614,421,0
575,0,L1,144,1177,2894,615,617,421,0
576,0,L1,144,1179,2896,618,620,421,0
577,0,L1,144,1181,2898,621,623,421,0
578,0,L1,144,1183,2900,624,626,421,0
579,0,L1,144,1185,2902,627,629,421,0
580,0,L1,144,1187,2904,630,632,421,0
581,0,L1,144,1189,2906,633,635,421,0
582,0,L1,144,1191,2908,636,638,421,0
599,0,L1,144,1225,2910,639,641,421,0
600,0,L1,144,1227,2912,642,644,421,0
601,0,L1,144,1229,2914,645,647,421,0
602,0,L1,144,1231,2916,648,650,421,0
603,0,L1,144,1233,2918,651,653,421,0
604,0,L1,144,1235,2920,654,656,421,0
605,0,L1,144,1237,2922,657,659,421,0
606,0,L1,144,1239,2924,660,662,421,0
607,0,L1,144,1241,2926,663,665,421,0
608,0,L1,144,1243,2928,666,668,421,0
609,0,L1,144,1245,2930,669,671,421,0
610,0,L1,144,1247,2932,672,674,421,0
611,0,L1,144,1249,2934,675,677,421,0
612,0,L1,144,1251,2936,678,680,421,0
613,0,L1,144,1253,2938,681,683,421,0
614,0,L1,144,1255,2940,684,686,421,0
639,0,L1,144,1313,2942,687,689,421,0
640,0,L1,144,1315,2944,690,692,421,0
641,0,L1,144,1317,2946,693,695,421,0
642,0,L1,144,1319,2948,696,698,421,0
643,0,L1,144,1321,2950,699,701,421,0
644,0,L1,144,1323,2952,702,704,421,0
645,0,L1,144,1325,2954,705,707,421,0
646,0,L1,144,1327,2956,708,710,421,0
647,0,L1,144,1329,2958,711,713,421,0
648,0,L1,144,1331,2960,714,716,421,0
649,0,L1,144,1333,2962,717,719,421,0
650,0,L1,144,1335,2964,720,722,421,0
651,0,L1,144,1337,2966,723,725,421,0
652,0,L1,144,1339,2968,726,728,421,0
653,0,L1,144,1341,2970,729,731,421,0
654,0,L1,144,1343,2972,732,734,421,0
679,0,L1,144,1401,2974,735,737,421,0
680,0,L1,144,1403,2976,738,740,421,0
681,0,L1,144,1405,2978,741,743,421,0
682,0,L1,144,1407,2980,744,746,421,0
683,0,L1,144,1409,2982,747,749,421,0
684,0,L1,144,1411,2984,750,752,421,0
685,0,L1,144,1413,2986,753,755,421,0
686,0,L1,144,1415,2988,756,758,421,0
687,0,L1,144,1417,2990,759,761,421,0
688,0,L1,144,1419,2992,762,764,421,0
689,0,L1,144,1421,2994,765,767,421,0
690,0,L1,144,1423,2996,768,770,421,0
691,0,L1,144,1425,2998,771,773,421,0
692,0,L1,144,1427,3000,774,776,421,0
693,0,L1,144,1429,3002,777,779,421,0
694,0,L1,144,1431,3004,780,782,421,0
719,0,L1,144,1489,3006,783,785,421,0
720,0,L1,144,1491,3008,786,788,421,0
721,0,L1,144,1493,3010,789,791,421,0
722,0,L1,144,1495,3012,792,794,421,0
723,0,L1,144,1497,3014,795,797,421,0
724,0,L1,144,1499,3016,798,800,421,0
725,0,L1,144,1501,3018,801,803,421,0
726,0,L1,144,1503,3020,804,806,421,0
727,0,L1,144,1505,3022,807,809,421,0
728,0,L1,144,1507,3024,810,812,421,0
729,0,L1,144,1509,3026,813,815,421,0
730,0,L1,144,1511,3028,816,818,421,0
731,0,L1,144,1513,3030,819,821,421,0
732,0,L1,144,1515,3032,822,824,421,0
733,0,L1,144,1517,3034,825,827,421,0
734,0,L1,144,1519,3036,828,830,421,0
759,0,L1,144,1577,3038,831,833,421,0
760,0,L1,144,1579,3040,834,836,421,0
761,0,L1,144,1581,3042,837,839,421,0
762,0,L1,144,1583,3044,840,842,421,0
763,0,L1,144,1585,3046,843,845,421,0
764,0,L1,144,1587,3048,846,848,421,0
765,0,L1,144,1589,3050,849,851,421,0
766,0,L1,144,1591,3052,852,854,421,0
767,0,L1,144,1593,3054,855,857,421,0
768,0,L1,144,1595,3056,858,860,421,0
769,0,L1,144,1597,3058,861,863,421,0
770,0,L1,144,1599,3060,864,866,421,0
771,0,L1,144,1601,3062,867,869,421,0
772,0,L1,144,1603,3064,870,872,421,0
773,0,L1,144,1605,3066,873,875,421,0
774,0,L1,144,1607,3068,876,878,421,0
799,0,L1,144,1665,3070,879,881,421,0
800,0,L1,144,1667,3072,882,884,421,0
801,0,L1,144,1669,3074,885,887,421,0
802,0,L1,144,1671,3076,888,890,421,0
803,0,L1,144,1673,3078,891,893,421,0
804,0,L1,144,1675,3080,894,896,421,0
805,0,L1,144,1677,3082,897,899,421,0
806,0,L1,144,1679,3084,900,902,421,0
807,0,L1,144,1681,3086,903,905,421,0
808,0,L1,144,1683,3088,906,908,421,0
809,0,L1,144,1685,3090,909,911,421,0
810,0,L1,144,1687,3092,912,914,421,0
811,0,L1,144,1689,3094,915,917,421,0
812,0,L1,144,1691,3096,918,920,421,0
813,0,L1,144,1693,3098,921,923,421,0
814,0,L1,144,1695,3100,924,926,421,0
133,0,L1,192,262,3104,928,930,421,0
134,0,L1,192,264,3106,931,933,421,0
135,0,L1,192,266,3108,934,936,421,0
136,0,L1,192,268,3110,937,939,421,0
33,0,L1,768,64,1782,945,985,37,0
34,0,L1,768,66,1783,951,986,805,0
31,0,L1,384,62,1780,955,1010,1573,0
32,0,L1,384,63,1781,963,1021,1957,0
39,0,L1,768,78,3152,975,982,3237,0
40,0,L1,768,79,3154,983,998,3093,0
46,0,L1,1536,91,1795,991,1001,0,0
45,0,L1,384,90,1794,997,1067,2341,0
39,1,L1,768,3153,1788,999,1002,2725,1
51,1,L1,144,3151,1800,1005,1007,2725,1
48,0,L1,1536,93,1797,1008,1019,0,0
52,1,L1,144,3149,1801,1013,1015,1536,1
47,0,L1,384,92,1796,1016,1084,1536,0
40,1,L1,768,3155,1789,1017,1020,2725,1
61,1,L1,144,3147,1810,1024,1026,1920,1
58,0,L1,1536,115,1807,1027,1036,0,0
62,1,L1,144,3145,1811,1031,1033,1920,1
57,0,L1,384,114,1806,1034,1075,1920,0
63,1,L1,144,3143,1812,1039,1041,2725,1
60,0,L1,1536,117,1809,1042,1051,0,0
64,1,L1,144,3141,1813,1046,1048,2725,1
59,0,L1,384,116,1808,1049,1085,2725,0
73,1,L1,144,3139,1822,1054,1056,3109,1
70,0,L1,1536,139,1819,1057,1066,0,0
74,1,L1,144,3137,1823,1061,1063,3109,1
69,0,L1,384,138,1818,1064,2316,3109,0
75,1,L1,144,3135,1824,1070,1072,2304,1
72,0,L1,1536,141,1821,1073,1083,0,0
76,1,L1,144,3133,1825,1078,1080,3493,1
71,0,L1,384,140,3232,1081,2259,3493,0
85,1,L1,144,3131,1834,1088,1090,3877,1
82,0,L1,384,163,1831,1091,1100,0,0
86,1,L1,144,3129,1835,1095,1097,3877,1
81,0,L1,96,162,1830,1098,1140,3877,0
87,1,L1,144,3127,1836,1103,1105,0,1
84,0,L1,384,165,1833,1106,1115,0,0
88,1,L1,144,3125,1837,1110,1112,384,1
83,0,L1,96,164,1832,1113,1149,3973,0
97,1,L1,144,3123,1846,1118,1120,0,1
94,0,L1,96,187,1843,1121,1131,0,0
98,1,L1,144,3121,1847,1125,1127,96,1
93,0,L1,24,186,1842,1128,1174,4069,0
19,1,L1,1,3119,1768,1129,1132,4093,1
99,1,L1,144,3117,1848,1135,1137,0,1
96,0,L1,96,189,1845,1138,1150,0,0
100,1,L1,144,3115,1849,1143,1145,96,1
95,0,L1,24,188,1844,1146,1183,3877,0
21,1,L1,1,3113,1770,1147,1151,4093,1
109,1,L1,144,3103,1858,1154,1156,3901,1
106,0,L1,96,211,1855,1157,1166,3901,0
110,1,L1,144,2705,1859,1161,1163,0,1
105,0,L1,24,210,1854,1164,1206,3997,0
111,1,L1,144,2707,1860,1169,1171,0,1
108,0,L1,96,213,1857,1172,1182,3901,0
112,1,L1,144,2709,1861,1177,1179,0,1
107,0,L1,24,212,1856,1180,1214,4021,0
121,1,L1,144,2711,1870,1186,1188,0,1
118,0,L1,24,235,1867,1189,1198,4045,0
122,1,L1,144,2713,1871,1193,1195,0,1
117,0,L1,6,234,1866,1196,1238,4069,0
123,1,L1,144,2715,1872,1201,1203,0,1
120,0,L1,24,237,1869,1204,1215,4045,0
124,1,L1,144,2717,1873,1209,1211,3877,1
119,0,L1,6,236,1868,1212,1246,4075,0
133,1,L1,192,3105,1882,1218,1220,3877,1
130,0,L1,2,259,1879,1221,1230,4081,0
134,1,L1,192,3107,1883,1225,1227,3877,1
129,0,L1,1,258,1878,1228,1471,4083,0
135,1,L1,192,3109,1884,1233,1235,3877,1
132,0,L1,2,261,1881,1236,1247,4081,0
136,1,L1,192,3111,1885,1241,1243,3877,1
131,0,L1,1,260,1880,1244,1480,4084,0
147,1,L1,32,2703,1896,1250,1252,3877,1
142,0,L1,4,283,1891,1253,1262,4085,0
148,1,L1,32,2701,1897,1257,1259,3877,1
141,0,L1,2,282,1890,1260,1265,4089,0
149,1,L1,32,2699,1898,1267,1269,3877,1
144,0,L1,4,285,1893,1270,1279,4085,0
150,1,L1,32,2697,1899,1274,1276,3877,1
143,0,L1,2,284,1892,1277,1282,4089,0
151,1,L1,32,2695,1900,1284,1286,3877,1
146,0,L1,4,287,1895,1287,1296,4085,0
152,1,L1,32,2693,1901,1291,1293,3877,1
145,0,L1,2,286,1894,1294,1299,4089,0
167,1,L1,16,2691,1916,1301,1303,3877,1
160,0,L1,2,322,1909,1304,1313,4085,0
168,1,L1,16,2689,1917,1308,1310,3877,1
159,0,L1,1,321,1908,1311,1788,4087,0
169,1,L1,16,2687,1918,1316,1318,3877,1
162,0,L1,2,324,1911,1319,1328,4085,0
170,1,L1,16,2685,1919,1323,1325,3877,1
161,0,L1,1,323,1910,1326,1816,4088,0
171,1,L1,16,2683,1920,1331,1333,3877,1
164,0,L1,2,326,1913,1334,1343,4085,0
172,1,L1,16,2681,1921,1338,1340,3877,1
163,0,L1,1,325,1912,1341,1844,4089,0
173,1,L1,16,2679,1922,1346,1348,3877,1
166,0,L1,2,328,1915,1349,1358,4085,0
174,1,L1,16,2677,1923,1353,1355,3877,1
165,0,L1,1,327,1914,1356,1876,4090,0
191,1,L1,16,2675,1940,1361,1363,3877,1
184,0,L1,2,370,1933,1364,1373,4085,0
192,1,L1,16,2673,1941,1368,1370,3877,1
183,0,L1,1,369,3240,1371,2263,4091,0
193,1,L1,16,2671,1942,1376,1378,3877,1
186,0,L1,2,372,1935,1379,1388,4085,0
194,1,L1,16,2669,1943,1383,1385,3877,1
185,0,L1,1,371,3238,1386,2262,4092,0
195,1,L1,16,2667,1944,1391,1393,3877,1
188,0,L1,2,374,1937,1394,1403,4085,0
196,1,L1,16,2665,1945,1398,1400,3877,1
187,0,L1,1,373,3236,1401,2261,4093,0
197,1,L1,16,2663,1946,1406,1408,3877,1
190,0,L1,2,376,1939,1409,1418,4085,0
198,1,L1,16,2661,1947,1413,1415,3877,1
189,0,L1,1,375,3234,1416,2260,4094,0
215,1,L1,16,2659,1964,1421,1423,3877,1
208,0,L1,2,418,1957,1424,1433,4085,0
216,1,L1,16,2657,1965,1428,1430,3877,1
207,0,L1,1,417,3230,1431,2258,4095,0
217,1,L1,16,2655,1966,1436,1438,3877,1
210,0,L1,2,420,1959,1439,1448,4085,0
218,1,L1,16,2653,1967,1443,1445,3877,1
209,0,L1,1,419,3228,1446,2257,3877,0
219,1,L1,16,2651,1968,1451,1453,3878,1
212,0,L1,2,422,1961,1454,1463,4085,0
220,1,L1,16,2649,1969,1458,1460,3878,1
211,0,L1,1,421,3226,1461,2256,3878,0
221,1,L1,16,2647,1970,1466,1468,3879,1
214,0,L1,2,424,1963,1469,1479,4085,0
222,1,L1,16,2645,1971,1474,1476,3879,1
213,0,L1,1,423,3224,1477,2255,3879,0
239,1,L1,144,2719,1988,1483,1485,3880,1
232,0,L1,384,466,1981,1486,1495,0,0
240,1,L1,144,2721,1989,1490,1492,3880,1
231,0,L1,96,465,1980,1493,1629,3880,0
241,1,L1,144,2723,1990,1498,1500,0,1
234,0,L1,384,468,1983,1501,1510,0,0
242,1,L1,144,2725,1991,1505,1507,384,1
233,0,L1,96,467,1982,1508,1636,3976,0
243,1,L1,144,2727,1992,1513,1515,0,1
236,0,L1,384,470,1985,1516,1525,0,0
244,1,L1,144,2729,1993,1520,1522,384,1
235,0,L1,96,469,1984,1523,1643,384,0
245,1,L1,144,2731,1994,1528,1530,0,1
238,0,L1,384,472,1987,1531,1540,0,0
246,1,L1,144,2733,1995,1535,1537,480,1
237,0,L1,96,471,1986,1538,1652,480,0
263,1,L1,144,2735,2012,1543,1545,0,1
256,0,L1,384,514,2005,1546,1567,0,0
264,1,L1,144,2737,2013,1550,1552,576,1
265,1,L1,144,2739,2014,1556,1558,576,1
266,1,L1,144,2741,2015,1562,1564,576,1
255,0,L1,96,513,2004,1565,2070,576,0
267,1,L1,144,2743,2016,1570,1572,0,1
258,0,L1,384,516,2007,1573,1594,0,0
268,1,L1,144,2745,2017,1577,1579,672,1
269,1,L1,144,2747,2018,1583,1585,672,1
270,1,L1,144,2749,2019,1589,1591,672,1
257,0,L1,96,515,2006,1592,2077,672,0
271,1,L1,144,2751,2020,1597,1599,0,1
260,0,L1,384,518,2009,1600,1621,0,0
272,1,L1,144,2753,2021,1604,1606,768,1
273,1,L1,144,2755,2022,1610,1612,768,1
274,1,L1,144,2757,2023,1616,1618,768,1
259,0,L1,96,517,2008,1619,2084,768,0
275,1,L1,144,2759,2024,1624,1626,0,1
262,0,L1,384,520,2011,1627,1651,0,0
276,1,L1,144,2761,2025,1632,1634,864,1
277,1,L1,144,2763,2026,1639,1641,3880,1
278,1,L1,144,2765,2027,1646,1648,3880,1
261,0,L1,96,519,2010,1649,2910,384,0
303,1,L1,144,2767,2052,1655,1657,3880,1
296,0,L1,96,602,2045,1658,1679,480,0
304,1,L1,144,2769,2053,1662,1664,3880,1
305,1,L1,144,2771,2054,1668,1670,3880,1
306,1,L1,144,2773,2055,1674,1676,3880,1
295,0,L1,24,601,2044,1677,1852,3880,0
307,1,L1,144,2775,2056,1682,1684,3904,1
298,0,L1,96,604,2047,1685,1706,480,0
308,1,L1,144,2777,2057,1689,1691,3904,1
309,1,L1,144,2779,2058,1695,1697,3904,1
310,1,L1,144,2781,2059,1701,1703,3904,1
297,0,L1,24,603,2046,1704,1859,3904,0
311,1,L1,144,2783,2060,1709,1711,3928,1
300,0,L1,96,606,2049,1712,1733,480,0
312,1,L1,144,2785,2061,1716,1718,3928,1
313,1,L1,144,2787,2062,1722,1724,3928,1
314,1,L1,144,2789,2063,1728,1730,3928,1
299,0,L1,24,605,2048,1731,1866,3928,0
315,1,L1,144,2791,2064,1736,1738,0,1
302,0,L1,96,608,2051,1739,1760,480,0
316,1,L1,144,2793,2065,1743,1745,0,1
317,1,L1,144,2795,2066,1749,1751,0,1
318,1,L1,144,2797,2067,1755,1757,0,1
301,0,L1,24,607,2050,1758,1875,3952,0
343,1,L1,144,2799,2092,1763,1765,0,1
336,0,L1,96,690,2085,1766,1787,480,0
344,1,L1,144,2801,2093,1770,1772,0,1
345,1,L1,144,2803,2094,1776,1778,0,1
346,1,L1,144,2805,2095,1782,1784,0,1
335,0,L1,48,689,2084,1785,1968,3976,0
347,1,L1,144,2807,2096,1791,1793,0,1
338,0,L1,96,692,2087,1794,1815,480,0
348,1,L1,144,2809,2097,1798,1800,0,1
349,1,L1,144,2811,2098,1804,1806,0,1
350,1,L1,144,2813,2099,1810,1812,0,1
337,0,L1,48,691,2086,1813,1976,4024,0
351,1,L1,144,2815,2100,1819,1821,0,1
340,0,L1,96,694,2089,1822,1843,480,0
352,1,L1,144,2817,2101,1826,1828,0,1
353,1,L1,144,2819,2102,1832,1834,0,1
354,1,L1,144,2821,2103,1838,1840,0,1
339,0,L1,48,693,2088,1841,1984,0,0
355,1,L1,144,2823,2104,1847,1849,48,1
342,0,L1,96,696,2091,1850,1874,480,0
356,1,L1,144,2825,2105,1855,1857,48,1
357,1,L1,144,2827,2106,1862,1864,48,1
358,1,L1,144,2829,2107,1869,1871,48,1
341,0,L1,48,695,2090,1872,1992,3880,0
376,1,L1,64,2643,2125,1879,1881,480,1
375,0,L1,48,777,2124,1882,2806,3928,0
379,1,L1,64,2641,2128,1886,1888,480,1
378,0,L1,48,783,2127,1889,2836,480,0
382,1,L1,64,2639,2131,1893,1895,48,1
381,0,L1,48,789,3254,1896,2270,528,0
385,1,L1,64,2637,2134,1900,1902,48,1
384,0,L1,48,795,3244,1903,2265,48,0
388,1,L1,64,2635,2137,1907,1909,96,1
387,0,L1,48,801,2136,1910,2807,96,0
391,1,L1,64,2633,2140,1914,1916,144,1
390,0,L1,48,807,2139,1917,2837,144,0
394,1,L1,64,2631,2143,1921,1923,192,1
393,0,L1,48,813,3256,1924,2271,192,0
397,1,L1,64,2629,2146,1928,1930,240,1
396,0,L1,48,819,3246,1931,2266,240,0
400,1,L1,64,2627,2149,1935,1937,288,1
399,0,L1,48,825,2148,1938,2808,288,0
403,1,L1,64,2625,2152,1942,1944,864,1
402,0,L1,48,831,2151,1945,2838,336,0
406,1,L1,64,2623,2155,1949,1951,864,1
405,0,L1,48,837,3258,1952,2272,864,0
409,1,L1,64,2621,2158,1956,1958,912,1
408,0,L1,48,843,3248,1959,2267,912,0
412,1,L1,64,2619,2161,1963,1965,960,1
411,0,L1,48,849,2160,1966,2809,960,0
415,1,L1,64,2617,2164,1971,1973,1008,1
414,0,L1,48,855,2163,1974,2839,3976,0
418,1,L1,64,2615,2167,1979,1981,4024,1
417,0,L1,48,861,3260,1982,2273,4024,0
421,1,L1,64,2613,2170,1987,1989,1008,1
420,0,L1,48,867,3250,1990,2268,0,0
439,1,L1,144,2831,2188,1995,1997,1008,1
432,0,L1,384,886,2181,1998,2812,1008,0
440,1,L1,144,2833,2189,2002,2004,1392,1
441,1,L1,144,2835,2190,2008,2010,1392,1
442,1,L1,144,2837,2191,2014,2016,1392,1
443,1,L1,144,2839,2192,2018,2020,1392,1
434,0,L1,384,888,3262,2021,2274,1392,0
444,1,L1,144,2841,2193,2025,2027,1776,1
445,1,L1,144,2843,2194,2031,2033,1776,1
446,1,L1,144,2845,2195,2037,2039,1776,1
447,1,L1,144,2847,2196,2041,2043,1776,1
436,0,L1,384,890,3252,2044,2269,1776,0
448,1,L1,144,2849,2197,2048,2050,2160,1
449,1,L1,144,2851,2198,2054,2056,2160,1
450,1,L1,144,2853,2199,2060,2062,2160,1
451,1,L1,144,2855,2200,2065,2067,2160,1
438,0,L1,384,892,3242,2068,2264,2160,0
452,1,L1,144,2857,2201,2073,2075,2544,1
453,1,L1,144,2859,2202,2080,2082,576,1
454,1,L1,144,2861,2203,2087,2089,576,1
479,1,L1,144,2863,2228,2092,2094,576,1
480,1,L1,144,2865,2229,2097,2099,576,1
481,1,L1,144,2867,2230,2102,2104,576,1
482,1,L1,144,2869,2231,2107,2109,576,1
483,1,L1,144,2871,2232,2112,2114,576,1
484,1,L1,144,2873,2233,2117,2119,576,1
485,1,L1,144,2875,2234,2122,2124,576,1
486,1,L1,144,2877,2235,2127,2129,576,1
487,1,L1,144,2879,2236,2132,2134,576,1
488,1,L1,144,2881,2237,2137,2139,576,1
489,1,L1,144,2883,2238,2142,2144,576,1
490,1,L1,144,2885,2239,2147,2149,576,1
491,1,L1,144,2887,2240,2152,2154,576,1
492,1,L1,144,2889,2241,2157,2159,576,1
493,1,L1,144,2891,2242,2162,2164,576,1
494,1,L1,144,2893,2243,2167,2169,576,1
512,1,L1,64,2611,2261,2171,2173,576,1
515,1,L1,64,2609,2264,2176,2178,576,1
518,1,L1,64,2607,2267,2181,2183,576,1
521,1,L1,64,2605,2270,2186,2188,576,1
524,1,L1,64,2603,2273,2191,2193,576,1
527,1,L1,64,2601,2276,2196,2198,576,1
530,1,L1,64,2599,2279,2201,2203,576,1
533,1,L1,64,2597,2282,2206,2208,576,1
536,1,L1,64,2595,2285,2211,2213,576,1
539,1,L1,64,2593,2288,2216,2218,576,1
542,1,L1,64,2591,2291,2221,2223,576,1
545,1,L1,64,2589,2294,2226,2228,576,1
548,1,L1,64,2587,2297,2231,2233,576,1
551,1,L1,64,2585,2300,2236,2238,576,1
554,1,L1,64,2583,2303,2241,2243,576,1
557,1,L1,64,2581,2306,2246,2248,576,1
575,1,L1,144,2895,2324,2252,2254,576,1
568,0,L1,1536,1170,3266,2275,2287,1392,0
576,1,L1,144,2897,2325,2279,2281,2928,1
577,1,L1,144,2899,2326,2284,2286,2928,1
570,0,L1,1536,1172,3270,2288,2300,1392,0
578,1,L1,144,2901,2327,2292,2294,2928,1
579,1,L1,144,2903,2328,2297,2299,2928,1
572,0,L1,1536,1174,3274,2301,2313,1392,0
580,1,L1,144,2905,2329,2305,2307,2928,1
581,1,L1,144,2907,2330,2310,2312,2928,1
574,0,L1,1536,1176,3468,2314,2832,1392,0
582,1,L1,144,2909,2331,2319,2321,528,1
599,1,L1,144,2911,2348,2324,2326,528,1
600,1,L1,144,2913,2349,2329,2331,528,1
601,1,L1,144,2915,2350,2334,2336,528,1
602,1,L1,144,2917,2351,2339,2341,528,1
603,1,L1,144,2919,2352,2344,2346,528,1
604,1,L1,144,2921,2353,2349,2351,528,1
605,1,L1,144,2923,2354,2354,2356,528,1
606,1,L1,144,2925,2355,2359,2361,528,1
607,1,L1,144,2927,2356,2364,2366,528,1
608,1,L1,144,2929,2357,2369,2371,528,1
609,1,L1,144,2931,2358,2374,2376,528,1
610,1,L1,144,2933,2359,2379,2381,528,1
611,1,L1,144,2935,2360,2384,2386,528,1
612,1,L1,144,2937,2361,2389,2391,528,1
613,1,L1,144,2939,2362,2394,2396,528,1
614,1,L1,144,2941,2363,2399,2401,528,1
639,1,L1,144,2943,2388,2404,2406,528,1
640,1,L1,144,2945,2389,2409,2411,528,1
641,1,L1,144,2947,2390,2414,2416,528,1
642,1,L1,144,2949,2391,2419,2421,528,1
643,1,L1,144,2951,2392,2424,2426,528,1
644,1,L1,144,2953,2393,2429,2431,528,1
645,1,L1,144,2955,2394,2434,2436,528,1
646,1,L1,144,2957,2395,2439,2441,528,1
647,1,L1,144,2959,2396,2444,2446,528,1
648,1,L1,144,2961,2397,2449,2451,528,1
649,1,L1,144,2963,2398,2454,2456,528,1
650,1,L1,144,2965,2399,2459,2461,528,1
651,1,L1,144,2967,2400,2464,2466,528,1
652,1,L1,144,2969,2401,2469,2471,528,1
653,1,L1,144,2971,2402,2474,2476,528,1
654,1,L1,144,2973,2403,2479,2481,528,1
679,1,L1,144,2975,2428,2484,2486,528,1
680,1,L1,144,2977,2429,2489,2491,528,1
681,1,L1,144,2979,2430,2494,2496,528,1
682,1,L1,144,2981,2431,2499,2501,528,1
683,1,L1,144,2983,2432,2504,2506,528,1
684,1,L1,144,2985,2433,2509,2511,528,1
685,1,L1,144,2987,2434,2514,2516,528,1
686,1,L1,144,2989,2435,2519,2521,528,1
687,1,L1,144,2991,2436,2524,2526,528,1
688,1,L1,144,2993,2437,2529,2531,528,1
689,1,L1,144,2995,2438,2534,2536,528,1
690,1,L1,144,2997,2439,2539,2541,528,1
691,1,L1,144,2999,2440,2544,2546,528,1
692,1,L1,144,3001,2441,2549,2551,528,1
693,1,L1,144,3003,2442,2554,2556,528,1
694,1,L1,144,3005,2443,2559,2561,528,1
719,1,L1,144,3007,2468,2564,2566,528,1
720,1,L1,144,3009,2469,2569,2571,528,1
721,1,L1,144,3011,2470,2574,2576,528,1
722,1,L1,144,3013,2471,2579,2581,528,1
723,1,L1,144,3015,2472,2584,2586,528,1
724,1,L1,144,3017,2473,2589,2591,528,1
725,1,L1,144,3019,2474,2594,2596,528,1
726,1,L1,144,3021,2475,2599,2601,528,1
727,1,L1,144,3023,2476,2604,2606,528,1
728,1,L1,144,3025,2477,2609,2611,528,1
729,1,L1,144,3027,2478,2614,2616,528,1
730,1,L1,144,3029,2479,2619,2621,528,1
731,1,L1,144,3031,2480,2624,2626,528,1
732,1,L1,144,3033,2481,2629,2631,528,1
733,1,L1,144,3035,2482,2634,2636,528,1
734,1,L1,144,3037,2483,2639,2641,528,1
759,1,L1,144,3039,2508,2644,2646,528,1
760,1,L1,144,3041,2509,2649,2651,528,1
761,1,L1,144,3043,2510,2654,2656,528,1
762,1,L1,144,3045,2511,2659,2661,528,1
763,1,L1,144,3047,2512,2664,2666,528,1
764,1,L1,144,3049,2513,2669,2671,528,1
765,1,L1,144,3051,2514,2674,2676,528,1
766,1,L1,144,3053,2515,2679,2681,528,1
767,1,L1,144,3055,2516,2684,2686,528,1
768,1,L1,144,3057,2517,2689,2691,528,1
769,1,L1,144,3059,2518,2694,2696,528,1
770,1,L1,144,3061,2519,2699,2701,528,1
771,1,L1,144,3063,2520,2704,2706,528,1
772,1,L1,144,3065,2521,2709,2711,528,1
773,1,L1,144,3067,2522,2714,2716,528,1
774,1,L1,144,3069,2523,2719,2721,528,1
799,1,L1,144,3071,2548,2724,2726,528,1
800,1,L1,144,3073,2549,2729,2731,528,1
801,1,L1,144,3075,2550,2734,2736,528,1
802,1,L1,144,3077,2551,2739,2741,528,1
803,1,L1,144,3079,2552,2744,2746,528,1
804,1,L1,144,3081,2553,2749,2751,528,1
805,1,L1,144,3083,2554,2754,2756,528,1
806,1,L1,144,3085,2555,2759,2761,528,1
807,1,L1,144,3087,2556,2764,2766,528,1
808,1,L1,144,3089,2557,2769,2771,528,1
809,1,L1,144,3091,2558,2774,2776,528,1
810,1,L1,144,3093,2559,2779,2781,528,1
811,1,L1,144,3095,2560,2784,2786,528,1
812,1,L1,144,3097,2561,2789,2791,528,1
813,1,L1,144,3099,2562,2794,2796,528,1
814,1,L1,144,3101,2563,2799,2801,528,1
423,0,L1,192,873,2172,2802,2813,528,0
424,0,L1,192,874,2173,2803,2805,720,0
431,0,L1,96,885,2180,2810,2829,0,0
472,0,L1,384,974,2221,2815,2916,528,0
474,0,L1,384,976,2223,2818,2923,912,0
476,0,L1,384,978,2225,2822,2930,2928,0
478,0,L1,384,980,2227,2826,2937,3312,0
425,0,L1,192,876,2174,2831,2845,3696,0
426,0,L1,192,877,2175,2833,2835,1296,0
433,0,L1,96,887,2182,2840,2858,3888,0
434,1,L1,384,3263,2183,2842,2844,0,1
427,0,L1,192,879,2176,2860,2877,0,0
428,0,L1,192,880,2177,2861,2867,192,0
381,1,L1,48,3255,2130,2862,2868,480,1
393,1,L1,48,3257,2142,2863,2869,3696,1
405,1,L1,48,3259,2154,2864,2870,3744,1
417,1,L1,48,3261,2166,2865,2871,3792,1
435,0,L1,96,889,2184,2872,2890,192,0
436,1,L1,384,3253,2185,2874,2876,3696,1
429,0,L1,192,882,2178,2892,2909,0,0
430,0,L1,192,883,2179,2893,2899,192,0
384,1,L1,48,3245,2133,2894,2900,480,1
396,1,L1,48,3247,2145,2895,2901,3696,1
408,1,L1,48,3249,2157,2896,2902,3744,1
420,1,L1,48,3251,2169,2897,2903,3792,1
437,0,L1,96,891,2186,2904,2938,192,0
438,1,L1,384,3243,2187,2906,2908,3696,1
471,0,L1,192,973,2220,2912,2992,0,0
183,1,L1,1,3241,1932,2914,2917,288,1
473,0,L1,192,975,2222,2919,2997,3696,0
185,1,L1,1,3239,1934,2921,2924,3888,1
475,0,L1,192,977,2224,2926,3002,3888,0
187,1,L1,1,3237,1936,2928,2931,4080,1
477,0,L1,192,979,2226,2933,3007,288,0
189,1,L1,1,3235,1938,2935,2939,4080,1
511,0,L1,192,1061,2260,2941,3027,480,0
514,0,L1,192,1067,3486,2945,3018,672,0
517,0,L1,192,1073,3478,2949,3014,864,0
520,0,L1,192,1079,3472,2953,3011,1056,0
523,0,L1,192,1085,3494,2957,3022,1248,0
526,0,L1,192,1091,3488,2961,3019,1440,0
529,0,L1,192,1097,3480,2965,3015,1632,0
532,0,L1,192,1103,3474,2969,3012,1824,0
535,0,L1,192,1109,2284,2973,3029,2016,0
538,0,L1,192,1115,3490,2977,3020,2208,0
541,0,L1,192,1121,3482,2981,3016,2400,0
544,0,L1,192,1127,3476,2985,3013,2592,0
547,0,L1,192,1133,2296,2989,3030,2784,0
550,0,L1,192,1139,3492,2994,3021,0,0
553,0,L1,192,1145,3484,2999,3017,2976,0
556,0,L1,192,1151,3470,3004,3009,3168,0
559,0,L1,768,1157,2308,3010,3037,3168,0
560,0,L1,768,1158,2309,3023,3026,672,0
523,1,L1,192,3495,2272,3024,3028,2976,1
567,0,L1,384,1169,2316,3031,3056,0,0
71,1,L1,384,3233,1820,3032,3158,384,1
568,1,L1,1536,3267,2317,3034,3036,768,1
592,0,L1,1536,1218,3502,3039,3064,768,0
594,0,L1,1536,1220,3496,3043,3047,2304,0
596,0,L1,1536,1222,3498,3048,3052,2304,0
598,0,L1,1536,1224,3500,3053,3058,2304,0
561,0,L1,768,1160,2310,3059,3077,2304,0
562,0,L1,768,1161,2311,3060,3067,3072,0
514,1,L1,192,3487,2263,3061,3068,3840,1
526,1,L1,192,3489,2275,3062,3069,0,1
538,1,L1,192,3491,2287,3063,3070,192,1
550,1,L1,192,3493,2299,3065,3071,768,1
569,0,L1,384,1171,2318,3072,3096,0,0
570,1,L1,1536,3271,2319,3074,3076,768,1
592,1,L1,1536,3503,3510,3080,3104,768,1
594,1,L1,1536,3497,3504,3084,3088,2304,1
596,1,L1,1536,3499,3506,3089,3093,2304,1
598,1,L1,1536,3501,3508,3094,3098,2304,1
563,0,L1,768,1163,2312,3099,3117,2304,0
564,0,L1,768,1164,2313,3100,3107,3072,0
517,1,L1,192,3479,2266,3101,3108,3840,1
529,1,L1,192,3481,2278,3102,3109,0,1
541,1,L1,192,3483,2290,3103,3110,192,1
553,1,L1,192,3485,2302,3105,3111,768,1
571,0,L1,384,1173,2320,3112,3136,0,0
572,1,L1,1536,3275,2321,3114,3116,768,1
592,2,L1,1536,3511,3518,3120,3144,768,1
594,2,L1,1536,3505,3512,3124,3128,2304,1
596,2,L1,1536,3507,3514,3129,3133,2304,1
598,2,L1,1536,3509,3516,3134,3138,2304,1
565,0,L1,768,1166,2314,3139,3157,2304,0
566,0,L1,768,1167,2315,3140,3147,3072,0
556,1,L1,192,3471,2305,3141,3151,3840,1
520,1,L1,192,3473,2269,3142,3148,0,1
532,1,L1,192,3475,2281,3143,3149,192,1
544,1,L1,192,3477,2293,3145,3150,768,1
573,0,L1,384,1175,2322,3152,3183,0,0
574,1,L1,1536,3469,2323,3154,3156,768,1
591,0,L1,384,1217,2340,3160,3240,384,0
592,3,L1,1536,3519,2341,3162,3164,768,1
593,0,L1,384,1219,2342,3166,3244,768,0
594,3,L1,1536,3513,2343,3168,3170,1152,1
595,0,L1,384,1221,2344,3172,3248,1152,0
596,3,L1,1536,3515,2345,3174,3176,1536,1
597,0,L1,384,1223,2346,3178,3255,1536,0
598,3,L1,1536,3517,2347,3180,3182,1920,1
632,0,L1,1536,1306,2381,3185,3199,1920,0
631,0,L1,384,1305,2380,3195,3309,0,0
207,1,L1,1,3231,1956,3196,3200,3456,1
634,0,L1,1536,1308,2383,3202,3216,1920,0
633,0,L1,384,1307,3520,3212,3229,3456,0
209,1,L1,1,3229,1958,3213,3217,3840,1
636,0,L1,1536,1310,2385,3219,3234,1920,0
635,0,L1,384,1309,2384,3230,3317,3456,0
211,1,L1,1,3227,1960,3231,3235,3840,1
638,0,L1,1536,1312,2387,3237,3254,1920,0
637,0,L1,384,1311,2386,3250,3324,384,0
213,1,L1,1,3225,1962,3251,3256,3840,1
672,0,L1,1536,1394,2421,3258,3272,768,0
633,1,L1,384,3521,2382,3263,3313,2304,1
671,0,L1,768,1393,3522,3269,3284,2688,0
674,0,L1,1536,1396,2423,3274,3288,768,0
673,0,L1,768,1395,3524,3285,3300,2688,0
676,0,L1,1536,1398,2425,3290,3304,768,0
675,0,L1,768,1397,3526,3301,3319,2688,0
678,0,L1,1536,1400,2427,3306,3323,768,0
677,0,L1,768,1399,2426,3320,3405,2304,0
712,0,L1,1536,1482,2461,3326,3344,0,0
671,1,L1,768,3523,2420,3328,3389,1536,1
673,1,L1,768,3525,3528,3332,3336,3072,1
675,1,L1,768,3527,3530,3337,3340,3072,1
711,0,L1,768,1481,3532,3341,3351,3072,0
714,0,L1,1536,1484,2463,3346,3364,0,0
673,2,L1,768,3529,3534,3352,3356,3072,1
675,2,L1,768,3531,3536,3357,3360,3072,1
713,0,L1,768,1483,3538,3361,3371,3072,0
716,0,L1,1536,1486,2465,3366,3384,0,0
673,3,L1,768,3535,3540,3372,3376,3072,1
675,3,L1,768,3537,3542,3377,3380,3072,1
715,0,L1,768,1485,3546,3381,3420,3072,0
718,0,L1,1536,1488,2467,3386,3404,0,0
673,4,L1,768,3541,2422,3392,3394,1536,1
675,4,L1,768,3543,2424,3397,3399,1536,1
717,0,L1,768,1487,2466,3401,3485,1536,0
752,0,L1,1536,1570,2501,3407,3424,0,0
711,1,L1,768,3533,3544,3409,3413,2304,1
713,1,L1,768,3539,3550,3414,3436,2304,1
751,0,L1,768,1569,3548,3421,3428,3072,0
754,0,L1,1536,1572,2503,3426,3444,0,0
711,2,L1,768,3545,2460,3429,3469,3072,1
715,1,L1,768,3547,3552,3437,3440,2304,1
753,0,L1,768,1571,3554,3441,3451,2304,0
756,0,L1,1536,1574,2505,3446,3464,0,0
713,2,L1,768,3551,3556,3452,3456,2304,1
715,2,L1,768,3553,3558,3457,3460,2304,1
755,0,L1,768,1573,3562,3461,3500,2304,0
758,0,L1,1536,1576,2507,3466,3484,0,0
713,3,L1,768,3557,2462,3472,3474,3072,1
715,3,L1,768,3559,2464,3477,3479,3072,1
757,0,L1,768,1575,2506,3481,3568,3072,0
792,0,L1,1536,1658,2541,3487,3504,0,0
751,1,L1,768,3549,3560,3489,3493,1536,1
753,1,L1,768,3555,3564,3494,3517,1536,1
791,0,L1,768,1657,2540,3501,3507,2304,0
794,0,L1,1536,1660,2543,3508,3525,0,0
751,2,L1,768,3561,2500,3510,3553,2304,1
755,1,L1,768,3563,3566,3518,3521,1536,1
793,0,L1,768,1659,2542,3522,3528,1536,0
796,0,L1,1536,1662,2545,3529,3546,0,0
753,2,L1,768,3565,3568,3534,3538,1536,1
755,2,L1,768,3567,3570,3539,3542,1536,1
795,0,L1,768,1661,2544,3543,3549,1536,0
798,0,L1,1536,1664,2547,3550,3567,0,0
753,3,L1,768,3569,2502,3556,3558,1536,1
755,3,L1,768,3571,2504,3561,3563,1536,1
797,0,L1,768,1663,2546,3565,3571,1536,0
